-- MySQL dump 10.13  Distrib 5.7.22, for Linux (x86_64)
--
-- Host: localhost    Database: GetLove
-- ------------------------------------------------------
-- Server version	5.7.22-0ubuntu0.16.04.1

/*!40101 SET @OLD_CHARACTER_SET_CLIENT=@@CHARACTER_SET_CLIENT */;
/*!40101 SET @OLD_CHARACTER_SET_RESULTS=@@CHARACTER_SET_RESULTS */;
/*!40101 SET @OLD_COLLATION_CONNECTION=@@COLLATION_CONNECTION */;
/*!40101 SET NAMES utf8 */;
/*!40103 SET @OLD_TIME_ZONE=@@TIME_ZONE */;
/*!40103 SET TIME_ZONE='+00:00' */;
/*!40014 SET @OLD_UNIQUE_CHECKS=@@UNIQUE_CHECKS, UNIQUE_CHECKS=0 */;
/*!40014 SET @OLD_FOREIGN_KEY_CHECKS=@@FOREIGN_KEY_CHECKS, FOREIGN_KEY_CHECKS=0 */;
/*!40101 SET @OLD_SQL_MODE=@@SQL_MODE, SQL_MODE='NO_AUTO_VALUE_ON_ZERO' */;
/*!40111 SET @OLD_SQL_NOTES=@@SQL_NOTES, SQL_NOTES=0 */;

--
-- Create DATABASE
--

DROP DATABASE IF EXISTS `GetLove`;
CREATE DATABASE `GetLove`;
USE `GetLove`;

--
-- Table structure for table `Abre`
--

DROP TABLE IF EXISTS `Abre`;
/*!40101 SET @saved_cs_client     = @@character_set_client */;
/*!40101 SET character_set_client = utf8 */;
CREATE TABLE `Abre` (
  `id_ocorrencia` int(11) DEFAULT NULL,
  `id_pessoa` int(11) DEFAULT NULL,
  KEY `id_ocorrencia` (`id_ocorrencia`),
  CONSTRAINT `Abre_ibfk_1` FOREIGN KEY (`id_ocorrencia`) REFERENCES `Ocorrencia` (`id_ocorrencia`)
) ENGINE=InnoDB DEFAULT CHARSET=latin1;
/*!40101 SET character_set_client = @saved_cs_client */;

--
-- Dumping data for table `Abre`
--

LOCK TABLES `Abre` WRITE;
/*!40000 ALTER TABLE `Abre` DISABLE KEYS */;
INSERT INTO `Abre` VALUES (0,497),(1,85),(2,340),(3,211),(4,48),(5,32),(6,77),(7,139),(8,238),(9,262),(10,9),(11,466),(12,325),(13,433),(14,244),(15,151),(16,386),(17,198),(18,425),(19,100),(20,394),(21,289),(22,187),(23,98),(24,375),(25,340),(26,123),(27,182),(28,322),(29,331),(30,298),(31,160),(32,72),(33,177),(34,94),(35,4),(36,163),(37,300),(38,149),(39,389),(40,103),(41,361),(42,364),(43,243),(44,304),(45,456),(46,100),(47,135),(48,202),(49,362),(50,45),(51,461),(52,190),(53,268),(54,429),(55,383),(56,218),(57,411),(58,261),(59,397),(60,11),(61,425),(62,270),(63,447),(64,339),(65,204),(66,385),(67,215),(68,484),(69,288),(70,447),(71,206),(72,476),(73,334),(74,399),(75,133),(76,302),(77,260),(78,212),(79,73),(80,20),(81,422),(82,120),(83,138),(84,121),(85,480),(86,250),(87,253),(88,277),(89,164),(90,84),(91,308),(92,227),(93,218),(94,84),(95,349),(96,288),(97,77),(98,127),(99,145),(100,116),(101,262),(102,189),(103,219),(104,387),(105,433),(106,111),(107,203),(108,460),(109,205),(110,327),(111,194),(112,38),(113,75),(114,355),(115,105),(116,332),(117,230),(118,216),(119,180),(120,175),(121,465),(122,38),(123,273),(124,470),(125,339),(126,317),(127,483),(128,64),(129,264),(130,100),(131,295),(132,273),(133,251),(134,159),(135,263),(136,150),(137,442),(138,266),(139,477),(140,361),(141,303),(142,124),(143,368),(144,35),(145,313),(146,291),(147,312),(148,222),(149,428),(150,111),(151,158),(152,119),(153,201),(154,3),(155,216),(156,335),(157,155),(158,226),(159,338),(160,455),(161,168),(162,9),(163,330),(164,175),(165,393),(166,230),(167,340),(168,397),(169,24),(170,171),(171,263),(172,186),(173,46),(174,205),(175,202),(176,225),(177,17),(178,258),(179,467),(180,114),(181,223),(182,213),(183,289),(184,119),(185,170),(186,318),(187,196),(188,217),(189,160),(190,31),(191,15),(192,257),(193,26),(194,173),(195,51),(196,170),(197,361),(198,394),(199,109);
/*!40000 ALTER TABLE `Abre` ENABLE KEYS */;
UNLOCK TABLES;

--
-- Table structure for table `Aprova`
--

DROP TABLE IF EXISTS `Aprova`;
/*!40101 SET @saved_cs_client     = @@character_set_client */;
/*!40101 SET character_set_client = utf8 */;
CREATE TABLE `Aprova` (
  `id_pessoa` int(11) NOT NULL,
  `id_aprovado` int(11) NOT NULL,
  `data_aprovacao` date NOT NULL,
  PRIMARY KEY (`id_pessoa`,`id_aprovado`)
) ENGINE=InnoDB DEFAULT CHARSET=latin1;
/*!40101 SET character_set_client = @saved_cs_client */;

--
-- Dumping data for table `Aprova`
--

LOCK TABLES `Aprova` WRITE;
/*!40000 ALTER TABLE `Aprova` DISABLE KEYS */;
/*!40000 ALTER TABLE `Aprova` ENABLE KEYS */;
UNLOCK TABLES;

--
-- Table structure for table `Avalia`
--

DROP TABLE IF EXISTS `Avalia`;
/*!40101 SET @saved_cs_client     = @@character_set_client */;
/*!40101 SET character_set_client = utf8 */;
CREATE TABLE `Avalia` (
  `id_ocorrencia` int(11) DEFAULT NULL,
  `id_moderador` int(11) DEFAULT NULL,
  KEY `id_ocorrencia` (`id_ocorrencia`),
  CONSTRAINT `Avalia_ibfk_1` FOREIGN KEY (`id_ocorrencia`) REFERENCES `Ocorrencia` (`id_ocorrencia`)
) ENGINE=InnoDB DEFAULT CHARSET=latin1;
/*!40101 SET character_set_client = @saved_cs_client */;

--
-- Dumping data for table `Avalia`
--

LOCK TABLES `Avalia` WRITE;
/*!40000 ALTER TABLE `Avalia` DISABLE KEYS */;
INSERT INTO `Avalia` VALUES (0,2),(1,3),(2,7),(3,8),(4,2),(5,4),(6,3),(7,5),(8,9),(9,6),(10,0),(11,7),(12,2),(13,4),(14,5),(15,0),(16,0),(17,7),(18,0),(19,9),(20,0),(21,2),(22,9),(23,9),(24,7),(25,6),(26,2),(27,4),(28,6),(29,5),(30,2),(31,0),(32,1),(33,5),(34,9),(35,4),(36,0),(37,3),(38,5),(39,4),(40,5),(41,6),(42,4),(43,0),(44,2),(45,9),(46,4),(47,2),(48,8),(49,3),(50,2),(51,9),(52,4),(53,4),(54,2),(55,8),(56,8),(57,0),(58,6),(59,6),(60,2),(61,8),(62,8),(63,8),(64,4),(65,6),(66,9),(67,8),(68,3),(69,0),(70,4),(71,7),(72,9),(73,8),(74,4),(75,9),(76,1),(77,9),(78,2),(79,2),(80,6),(81,8),(82,7),(83,3),(84,3),(85,8),(86,4),(87,9),(88,1),(89,5),(90,4),(91,5),(92,7),(93,1),(94,2),(95,1),(96,4),(97,0),(98,3),(99,8),(100,0),(101,2),(102,6),(103,3),(104,3),(105,4),(106,2),(107,4),(108,4),(109,4),(110,6),(111,7),(112,1),(113,9),(114,0),(115,9),(116,5),(117,3),(118,9),(119,8),(120,3),(121,4),(122,3),(123,3),(124,6),(125,4),(126,8),(127,5),(128,5),(129,7),(130,4),(131,3),(132,7),(133,1),(134,1),(135,2),(136,9),(137,6),(138,4),(139,2),(140,6),(141,4),(142,5),(143,5),(144,9),(145,6),(146,1),(147,9),(148,2),(149,6),(150,6),(151,6),(152,0),(153,6),(154,0),(155,9),(156,5),(157,9),(158,2),(159,5),(160,5),(161,8),(162,7),(163,9),(164,5),(165,0),(166,5),(167,8),(168,5),(169,0),(170,6),(171,5),(172,4),(173,2),(174,4),(175,8),(176,1),(177,4),(178,0),(179,4),(180,8),(181,8),(182,7),(183,1),(184,9),(185,7),(186,5),(187,6),(188,8),(189,4),(190,8),(191,0),(192,8),(193,7),(194,9),(195,9),(196,3),(197,1),(198,0),(199,1);
/*!40000 ALTER TABLE `Avalia` ENABLE KEYS */;
UNLOCK TABLES;

--
-- Table structure for table `Combina_com`
--

DROP TABLE IF EXISTS `Combina_com`;
/*!40101 SET @saved_cs_client     = @@character_set_client */;
/*!40101 SET character_set_client = utf8 */;
CREATE TABLE `Combina_com` (
  `id_pessoa1` int(11) NOT NULL,
  `id_pessoa2` int(11) NOT NULL,
  `ref_arquivo_conversa` varchar(50) NOT NULL,
  `data_combinacao` date NOT NULL,
  PRIMARY KEY (`id_pessoa1`,`id_pessoa2`)
) ENGINE=InnoDB DEFAULT CHARSET=latin1;
/*!40101 SET character_set_client = @saved_cs_client */;

--
-- Dumping data for table `Combina_com`
--

LOCK TABLES `Combina_com` WRITE;
/*!40000 ALTER TABLE `Combina_com` DISABLE KEYS */;
/*!40000 ALTER TABLE `Combina_com` ENABLE KEYS */;
UNLOCK TABLES;

--
-- Table structure for table `Empresa`
--

DROP TABLE IF EXISTS `Empresa`;
/*!40101 SET @saved_cs_client     = @@character_set_client */;
/*!40101 SET character_set_client = utf8 */;
CREATE TABLE `Empresa` (
  `id_empresa` int(11) NOT NULL,
  `cnpj` char(14) NOT NULL,
  `nome` varchar(100) NOT NULL,
  `email` varchar(50) NOT NULL,
  `telefone` varchar(11) NOT NULL,
  `cidade` varchar(30) NOT NULL,
  `uf` char(2) NOT NULL,
  PRIMARY KEY (`id_empresa`),
  UNIQUE KEY `cnpj` (`cnpj`),
  UNIQUE KEY `email` (`email`),
  UNIQUE KEY `telefone` (`telefone`)
) ENGINE=InnoDB DEFAULT CHARSET=latin1;
/*!40101 SET character_set_client = @saved_cs_client */;

--
-- Dumping data for table `Empresa`
--

LOCK TABLES `Empresa` WRITE;
/*!40000 ALTER TABLE `Empresa` DISABLE KEYS */;
INSERT INTO `Empresa` VALUES (0,'43802712000134','3Com Corp','3com.corp@gmail.com','2534753896','Nova Iguacu','RJ'),(1,'23519659000147','3M Company','3m.company@gmail.com','2835973026','Aracruz','ES'),(2,'80605551000142','AG Edwards Inc','ag.edwards@outlook.com','1839933272','Osasco','SP'),(3,'38139411000198','Abbott Laboratories','abbott.laboratories@outlook.com','2038143828','Guarapari','ES'),(4,'78589851000199','Abercrombie & Fitch Co','abercrombie.&@yahoo.com','2037333739','Vitoria','ES'),(5,'82750630000143','ABM Industries Incorporated','abm.industries@outlook.com','2039153860','Rio de Janeiro','RJ'),(6,'49157275000172','Ace Hardware Corporation','ace.hardware@aol.com','2636123804','Sao Paulo','SP'),(7,'29052085000152','ACT Manufacturing Inc','act.manufacturing@gmail.com','2632973048','Montes Claros','MG'),(8,'94867653000121','Acterna Corp','acterna.corp@gmail.com','1838473159','Montes Claros','MG'),(9,'77329114000190','Adams Resources & Energy Inc','adams.resources@aol.com','2531043109','Campos dos Goytacazes','RJ'),(10,'25994783000189','Baker Hughes Incorporated','baker.hughes@gmail.com','2338913080','Campinas','SP'),(11,'61739379000125','Bank of America Corporation','bank.of@aol.com','2537063496','Linhares','ES'),(12,'96432692000170','The Bank of New York Company Inc','the.bank@aol.com','2332083983','Ribeirao das Neves','MG'),(13,'14468563000179','Bank One Corporation','bank.one@gmail.com','2330233473','Uberlandia','MG'),(14,'68301316000198','Banknorth Group Inc','banknorth.group@yahoo.com','1933093494','Chapeco','SC'),(15,'29753662000117','Banta Corporation','banta.corporation@outlook.com','2039933149','Palhoca','SC'),(16,'31739099000197','Barnes & Noble Inc','barnes.&@aol.com','1933683359','Uberaba','MG'),(17,'59199647000145','Bausch & Lomb Incorporated','bausch.&@yahoo.com','2437273793','Belford Roxo','RJ'),(18,'84481847000131','Baxter International Inc','baxter.international@yahoo.com','2937403623','Guarapari','ES'),(19,'89458798000152','C H Robinson Worldwide Inc','c.h@aol.com','2535113578','Sorocaba','SP'),(20,'38239885000173','Cablevision Systems Corp','cablevision.systems@gmail.com','2032103336','Uberaba','MG'),(21,'16485032000186','Cabot Corp','cabot.corp@aol.com','2837183169','Niteroi','RJ'),(22,'27297439000175','Cadence Design Systems Inc','cadence.design@yahoo.com','2535093597','Uberlandia','MG'),(23,'91494297000144','Calpine Corp','calpine.corp@gmail.com','2339423258','Ribeirao das Neves','MG'),(24,'54598884000141','Campbell Soup Co','campbell.soup@aol.com','2230443034','Jaragua do Sul','SC'),(25,'28016633000193','Capital One Financial Corp','capital.one@aol.com','2434533193','Guarulhos','SP'),(26,'21426024000193','Cardinal Health Inc','cardinal.health@gmail.com','2839683179','Linhares','ES'),(27,'54230075000196','Caremark Rx Inc','caremark.rx@outlook.com','2936583381','Joinville','SC'),(28,'29093310000175','Carlisle Cos Inc','carlisle.cos@outlook.com','2034833275','Jaragua do Sul','SC'),(29,'61222764000116','D&K Healthcare Resources Inc','d&k.healthcare@outlook.com','1934993728','Vila Velha','ES'),(30,'19469042000125','DR Horton Inc','dr.horton@gmail.com','2030503960','Campos dos Goytacazes','RJ'),(31,'16375592000168','Dana Corporation','dana.corporation@outlook.com','2035113582','Criciuma','SC'),(32,'79283393000165','Danaher Corporation','danaher.corporation@gmail.com','2033963303','Sao Jose','SC'),(33,'77184544000170','Darden Restaurants Inc','darden.restaurants@yahoo.com','2538273394','Sao Goncalo','RJ'),(34,'35773428000116','DaVita Inc','davita.inc@outlook.com','2233993122','Sao Paulo','SP'),(35,'72697192000140','Dean Foods Company','dean.foods@aol.com','2336753287','Sao Goncalo','RJ'),(36,'50989369000152','Deere & Company','deere.&@outlook.com','1936473910','Florianopolis','SC'),(37,'45470624000131','Del Monte Foods Co','del.monte@yahoo.com','2838893907','Belford Roxo','RJ'),(38,'40774767000146','Dell Computer Corporation','dell.computer@yahoo.com','2335713062','Campos dos Goytacazes','RJ'),(39,'23278365000196','EW Scripps Company','ew.scripps@aol.com','1836003631','Serra','ES'),(40,'90765269000140','Earthlink Inc','earthlink.inc@yahoo.com','2030773265','Sao Jose','SC'),(41,'43212326000180','Eastman Chemical Company','eastman.chemical@gmail.com','2331653754','Criciuma','SC'),(42,'67192300000131','Eastman Kodak Company','eastman.kodak@yahoo.com','2934203909','Sao Jose dos Campos','SP'),(43,'65377343000154','Eaton Corporation','eaton.corporation@aol.com','2732863918','Palhoca','SC'),(44,'61434906000110','Echostar Communications Corporation','echostar.communications@gmail.com','2931053955','Niteroi','RJ'),(45,'37372605000160','Ecolab Inc','ecolab.inc@outlook.com','2736913269','Cachoeiro de Itapemirim','ES'),(46,'75820462000137','Edison International','edison.international@yahoo.com','2930243705','Rio de Janeiro','RJ'),(47,'27823504000154','EGL Inc','egl.inc@gmail.com','2837053312','Juiz de Fora','MG'),(48,'34908121000153','El Paso Corporation','el.paso@yahoo.com','2030033941','Colatina','ES'),(49,'95204713000130','Electronic Data Systems Corp','electronic.data@outlook.com','2533013033','Cariacica','ES');
/*!40000 ALTER TABLE `Empresa` ENABLE KEYS */;
UNLOCK TABLES;

--
-- Table structure for table `Empresa_de_dados`
--

DROP TABLE IF EXISTS `Empresa_de_dados`;
/*!40101 SET @saved_cs_client     = @@character_set_client */;
/*!40101 SET character_set_client = utf8 */;
CREATE TABLE `Empresa_de_dados` (
  `id_empresa` int(11) NOT NULL,
  KEY `id_empresa` (`id_empresa`),
  CONSTRAINT `Empresa_de_dados_ibfk_1` FOREIGN KEY (`id_empresa`) REFERENCES `Empresa` (`id_empresa`)
) ENGINE=InnoDB DEFAULT CHARSET=latin1;
/*!40101 SET character_set_client = @saved_cs_client */;

--
-- Dumping data for table `Empresa_de_dados`
--

LOCK TABLES `Empresa_de_dados` WRITE;
/*!40000 ALTER TABLE `Empresa_de_dados` DISABLE KEYS */;
INSERT INTO `Empresa_de_dados` VALUES (4),(21),(38);
/*!40000 ALTER TABLE `Empresa_de_dados` ENABLE KEYS */;
UNLOCK TABLES;

--
-- Table structure for table `Empresa_de_servicos`
--

DROP TABLE IF EXISTS `Empresa_de_servicos`;
/*!40101 SET @saved_cs_client     = @@character_set_client */;
/*!40101 SET character_set_client = utf8 */;
CREATE TABLE `Empresa_de_servicos` (
  `id_empresa` int(11) NOT NULL,
  KEY `id_empresa` (`id_empresa`),
  CONSTRAINT `Empresa_de_servicos_ibfk_1` FOREIGN KEY (`id_empresa`) REFERENCES `Empresa` (`id_empresa`)
) ENGINE=InnoDB DEFAULT CHARSET=latin1;
/*!40101 SET character_set_client = @saved_cs_client */;

--
-- Dumping data for table `Empresa_de_servicos`
--

LOCK TABLES `Empresa_de_servicos` WRITE;
/*!40000 ALTER TABLE `Empresa_de_servicos` DISABLE KEYS */;
INSERT INTO `Empresa_de_servicos` VALUES (0),(1),(2),(3),(5),(6),(7),(8),(9),(10),(11),(12),(13),(14),(15),(16),(17),(18),(19),(20),(22),(23),(24),(25),(26),(27),(28),(29),(30),(31),(32),(33),(34),(35),(36),(37),(39),(40),(41),(42),(43),(44),(45),(46),(47),(48),(49);
/*!40000 ALTER TABLE `Empresa_de_servicos` ENABLE KEYS */;
UNLOCK TABLES;

--
-- Table structure for table `Foto`
--

DROP TABLE IF EXISTS `Foto`;
/*!40101 SET @saved_cs_client     = @@character_set_client */;
/*!40101 SET character_set_client = utf8 */;
CREATE TABLE `Foto` (
  `id_pessoa` int(11) NOT NULL,
  `numero_foto` int(11) NOT NULL,
  `ref_arquivo_imagem` varchar(50) NOT NULL,
  PRIMARY KEY (`id_pessoa`,`numero_foto`),
  UNIQUE KEY `ref_arquivo_imagem` (`ref_arquivo_imagem`),
  CONSTRAINT `Foto_ibfk_1` FOREIGN KEY (`id_pessoa`) REFERENCES `Pessoa` (`id_pessoa`)
) ENGINE=InnoDB DEFAULT CHARSET=latin1;
/*!40101 SET character_set_client = @saved_cs_client */;

--
-- Dumping data for table `Foto`
--

LOCK TABLES `Foto` WRITE;
/*!40000 ALTER TABLE `Foto` DISABLE KEYS */;
/*!40000 ALTER TABLE `Foto` ENABLE KEYS */;
UNLOCK TABLES;

--
-- Table structure for table `Imagem_servico`
--

DROP TABLE IF EXISTS `Imagem_servico`;
/*!40101 SET @saved_cs_client     = @@character_set_client */;
/*!40101 SET character_set_client = utf8 */;
CREATE TABLE `Imagem_servico` (
  `id_empresa` int(11) NOT NULL,
  `numero_servico` int(11) NOT NULL,
  `numero_imagem` int(11) NOT NULL,
  `ref_arquivo_imagem` varchar(50) NOT NULL,
  PRIMARY KEY (`id_empresa`,`numero_servico`,`numero_imagem`),
  CONSTRAINT `Imagem_servico_ibfk_1` FOREIGN KEY (`id_empresa`, `numero_servico`) REFERENCES `Servico` (`id_empresa`, `numero_servico`)
) ENGINE=InnoDB DEFAULT CHARSET=latin1;
/*!40101 SET character_set_client = @saved_cs_client */;

--
-- Dumping data for table `Imagem_servico`
--

LOCK TABLES `Imagem_servico` WRITE;
/*!40000 ALTER TABLE `Imagem_servico` DISABLE KEYS */;
/*!40000 ALTER TABLE `Imagem_servico` ENABLE KEYS */;
UNLOCK TABLES;

--
-- Table structure for table `Moderador`
--

DROP TABLE IF EXISTS `Moderador`;
/*!40101 SET @saved_cs_client     = @@character_set_client */;
/*!40101 SET character_set_client = utf8 */;
CREATE TABLE `Moderador` (
  `id_moderador` int(11) NOT NULL,
  `nome` varchar(100) NOT NULL,
  PRIMARY KEY (`id_moderador`)
) ENGINE=InnoDB DEFAULT CHARSET=latin1;
/*!40101 SET character_set_client = @saved_cs_client */;

--
-- Dumping data for table `Moderador`
--

LOCK TABLES `Moderador` WRITE;
/*!40000 ALTER TABLE `Moderador` DISABLE KEYS */;
INSERT INTO `Moderador` VALUES (0,'Donnell'),(1,'Nathaniel'),(2,'Deante'),(3,'Muhammad'),(4,'Sydney'),(5,'Suzanna'),(6,'Norma'),(7,'Grace'),(8,'Corinna'),(9,'Judy');
/*!40000 ALTER TABLE `Moderador` ENABLE KEYS */;
UNLOCK TABLES;

--
-- Table structure for table `Ocorrencia`
--

DROP TABLE IF EXISTS `Ocorrencia`;
/*!40101 SET @saved_cs_client     = @@character_set_client */;
/*!40101 SET character_set_client = utf8 */;
CREATE TABLE `Ocorrencia` (
  `id_ocorrencia` int(11) NOT NULL,
  `tipo` char(7) NOT NULL,
  `id_implicado` int(11) DEFAULT NULL,
  `ref_arquivo_mensagem` varchar(50) NOT NULL,
  `data_ocorrencia` date NOT NULL,
  PRIMARY KEY (`id_ocorrencia`)
) ENGINE=InnoDB DEFAULT CHARSET=latin1;
/*!40101 SET character_set_client = @saved_cs_client */;

--
-- Dumping data for table `Ocorrencia`
--

LOCK TABLES `Ocorrencia` WRITE;
/*!40000 ALTER TABLE `Ocorrencia` DISABLE KEYS */;
INSERT INTO `Ocorrencia` VALUES (0,'empresa',10,'msg3871.txt','2020-07-07'),(1,'empresa',46,'msg3872.txt','2024-06-18'),(2,'usuario',324,'msg3873.txt','2019-05-23'),(3,'getlove',NULL,'msg3874.txt','2020-11-12'),(4,'empresa',27,'msg3875.txt','2028-02-13'),(5,'empresa',38,'msg3876.txt','2021-08-13'),(6,'empresa',42,'msg3877.txt','2026-11-01'),(7,'usuario',79,'msg3878.txt','2024-04-17'),(8,'usuario',329,'msg3879.txt','2020-08-01'),(9,'usuario',162,'msg3880.txt','2027-07-10'),(10,'empresa',43,'msg3881.txt','2020-07-17'),(11,'getlove',NULL,'msg3882.txt','2024-07-14'),(12,'empresa',41,'msg3883.txt','2023-11-26'),(13,'getlove',NULL,'msg3884.txt','2020-07-06'),(14,'getlove',NULL,'msg3885.txt','2028-09-11'),(15,'usuario',53,'msg3886.txt','2018-01-17'),(16,'usuario',185,'msg3887.txt','2020-09-10'),(17,'getlove',NULL,'msg3888.txt','2021-06-24'),(18,'empresa',35,'msg3889.txt','2021-06-22'),(19,'usuario',439,'msg3890.txt','2024-03-17'),(20,'usuario',248,'msg3891.txt','2028-11-22'),(21,'usuario',6,'msg3892.txt','2020-04-09'),(22,'empresa',36,'msg3893.txt','2027-09-11'),(23,'empresa',44,'msg3894.txt','2021-07-21'),(24,'getlove',NULL,'msg3895.txt','2018-03-28'),(25,'getlove',NULL,'msg3896.txt','2028-10-04'),(26,'getlove',NULL,'msg3897.txt','2021-07-09'),(27,'getlove',NULL,'msg3898.txt','2019-08-23'),(28,'empresa',45,'msg3899.txt','2020-11-10'),(29,'empresa',49,'msg3900.txt','2019-09-14'),(30,'empresa',46,'msg3901.txt','2020-02-07'),(31,'getlove',NULL,'msg3902.txt','2028-08-03'),(32,'usuario',39,'msg3903.txt','2025-04-04'),(33,'usuario',294,'msg3904.txt','2021-03-16'),(34,'empresa',36,'msg3905.txt','2026-12-17'),(35,'usuario',54,'msg3906.txt','2028-04-04'),(36,'getlove',NULL,'msg3907.txt','2028-10-26'),(37,'empresa',30,'msg3908.txt','2023-05-25'),(38,'empresa',36,'msg3909.txt','2025-11-24'),(39,'getlove',NULL,'msg3910.txt','2024-02-21'),(40,'empresa',6,'msg3911.txt','2027-05-12'),(41,'getlove',NULL,'msg3912.txt','2019-04-09'),(42,'usuario',372,'msg3913.txt','2018-11-21'),(43,'getlove',NULL,'msg3914.txt','2018-08-26'),(44,'usuario',210,'msg3915.txt','2027-02-07'),(45,'usuario',385,'msg3916.txt','2026-04-28'),(46,'usuario',312,'msg3917.txt','2024-05-18'),(47,'getlove',NULL,'msg3918.txt','2019-10-22'),(48,'getlove',NULL,'msg3919.txt','2025-07-05'),(49,'usuario',448,'msg3920.txt','2020-04-16'),(50,'usuario',438,'msg3921.txt','2023-09-21'),(51,'usuario',158,'msg3922.txt','2026-08-24'),(52,'usuario',81,'msg3923.txt','2023-05-25'),(53,'usuario',386,'msg3924.txt','2019-01-04'),(54,'empresa',31,'msg3925.txt','2023-05-09'),(55,'empresa',0,'msg3926.txt','2018-07-10'),(56,'empresa',0,'msg3927.txt','2019-07-17'),(57,'getlove',NULL,'msg3928.txt','2020-11-27'),(58,'usuario',345,'msg3929.txt','2021-05-10'),(59,'empresa',28,'msg3930.txt','2018-07-11'),(60,'empresa',39,'msg3931.txt','2019-02-08'),(61,'getlove',NULL,'msg3932.txt','2018-02-11'),(62,'getlove',NULL,'msg3933.txt','2022-08-02'),(63,'usuario',182,'msg3934.txt','2026-10-10'),(64,'usuario',135,'msg3935.txt','2018-12-15'),(65,'empresa',47,'msg3936.txt','2024-01-22'),(66,'usuario',74,'msg3937.txt','2024-01-11'),(67,'empresa',26,'msg3938.txt','2025-11-11'),(68,'usuario',200,'msg3939.txt','2025-01-06'),(69,'empresa',41,'msg3940.txt','2021-10-20'),(70,'empresa',32,'msg3941.txt','2019-03-20'),(71,'getlove',NULL,'msg3942.txt','2019-10-01'),(72,'usuario',288,'msg3943.txt','2023-08-07'),(73,'getlove',NULL,'msg3944.txt','2025-05-21'),(74,'getlove',NULL,'msg3945.txt','2024-11-27'),(75,'getlove',NULL,'msg3946.txt','2020-06-13'),(76,'usuario',100,'msg3947.txt','2021-11-06'),(77,'empresa',29,'msg3948.txt','2024-05-26'),(78,'usuario',486,'msg3949.txt','2018-09-04'),(79,'getlove',NULL,'msg3950.txt','2026-09-14'),(80,'usuario',126,'msg3951.txt','2022-02-07'),(81,'getlove',NULL,'msg3952.txt','2026-08-02'),(82,'usuario',101,'msg3953.txt','2019-04-07'),(83,'getlove',NULL,'msg3954.txt','2018-12-12'),(84,'getlove',NULL,'msg3955.txt','2026-02-18'),(85,'usuario',132,'msg3956.txt','2025-02-12'),(86,'empresa',5,'msg3957.txt','2025-08-05'),(87,'empresa',12,'msg3958.txt','2023-05-01'),(88,'usuario',138,'msg3959.txt','2023-10-04'),(89,'usuario',213,'msg3960.txt','2021-07-09'),(90,'empresa',13,'msg3961.txt','2020-09-10'),(91,'usuario',162,'msg3962.txt','2025-05-21'),(92,'getlove',NULL,'msg3963.txt','2021-10-17'),(93,'getlove',NULL,'msg3964.txt','2022-01-21'),(94,'empresa',32,'msg3965.txt','2021-05-22'),(95,'empresa',12,'msg3966.txt','2024-04-25'),(96,'usuario',112,'msg3967.txt','2020-10-06'),(97,'empresa',14,'msg3968.txt','2023-12-12'),(98,'usuario',310,'msg3969.txt','2019-10-11'),(99,'getlove',NULL,'msg3970.txt','2023-01-01'),(100,'getlove',NULL,'msg3971.txt','2026-07-18'),(101,'usuario',346,'msg3972.txt','2026-05-20'),(102,'getlove',NULL,'msg3973.txt','2024-06-16'),(103,'getlove',NULL,'msg3974.txt','2019-11-21'),(104,'getlove',NULL,'msg3975.txt','2023-08-17'),(105,'empresa',13,'msg3976.txt','2022-12-09'),(106,'empresa',11,'msg3977.txt','2020-01-05'),(107,'empresa',36,'msg3978.txt','2025-09-25'),(108,'empresa',35,'msg3979.txt','2020-07-15'),(109,'usuario',111,'msg3980.txt','2028-02-21'),(110,'usuario',11,'msg3981.txt','2028-06-04'),(111,'empresa',46,'msg3982.txt','2023-11-13'),(112,'usuario',91,'msg3983.txt','2021-11-04'),(113,'usuario',334,'msg3984.txt','2025-10-25'),(114,'usuario',5,'msg3985.txt','2019-06-04'),(115,'getlove',NULL,'msg3986.txt','2024-07-22'),(116,'getlove',NULL,'msg3987.txt','2022-07-07'),(117,'empresa',21,'msg3988.txt','2018-03-10'),(118,'empresa',10,'msg3989.txt','2020-07-21'),(119,'getlove',NULL,'msg3990.txt','2026-06-18'),(120,'getlove',NULL,'msg3991.txt','2025-10-14'),(121,'empresa',46,'msg3992.txt','2018-08-10'),(122,'empresa',27,'msg3993.txt','2025-01-06'),(123,'usuario',476,'msg3994.txt','2021-03-17'),(124,'usuario',341,'msg3995.txt','2027-08-22'),(125,'getlove',NULL,'msg3996.txt','2022-02-06'),(126,'empresa',48,'msg3997.txt','2027-04-04'),(127,'usuario',319,'msg3998.txt','2024-03-23'),(128,'empresa',23,'msg3999.txt','2025-08-21'),(129,'empresa',2,'msg4000.txt','2020-04-01'),(130,'getlove',NULL,'msg4001.txt','2020-09-10'),(131,'empresa',26,'msg4002.txt','2027-03-03'),(132,'usuario',168,'msg4003.txt','2028-09-07'),(133,'empresa',0,'msg4004.txt','2028-10-27'),(134,'usuario',399,'msg4005.txt','2021-12-15'),(135,'getlove',NULL,'msg4006.txt','2027-02-26'),(136,'getlove',NULL,'msg4007.txt','2022-05-06'),(137,'empresa',37,'msg4008.txt','2022-03-07'),(138,'getlove',NULL,'msg4009.txt','2018-01-07'),(139,'getlove',NULL,'msg4010.txt','2021-05-04'),(140,'empresa',46,'msg4011.txt','2021-03-14'),(141,'usuario',283,'msg4012.txt','2028-04-20'),(142,'usuario',187,'msg4013.txt','2022-09-14'),(143,'getlove',NULL,'msg4014.txt','2027-11-07'),(144,'usuario',94,'msg4015.txt','2022-04-03'),(145,'usuario',452,'msg4016.txt','2027-08-17'),(146,'empresa',44,'msg4017.txt','2020-10-01'),(147,'empresa',9,'msg4018.txt','2018-07-28'),(148,'usuario',160,'msg4019.txt','2028-02-15'),(149,'usuario',328,'msg4020.txt','2022-02-01'),(150,'empresa',7,'msg4021.txt','2026-07-07'),(151,'empresa',32,'msg4022.txt','2021-06-15'),(152,'usuario',345,'msg4023.txt','2019-05-11'),(153,'usuario',240,'msg4024.txt','2021-06-10'),(154,'usuario',306,'msg4025.txt','2020-01-13'),(155,'getlove',NULL,'msg4026.txt','2020-02-09'),(156,'empresa',34,'msg4027.txt','2026-08-11'),(157,'empresa',5,'msg4028.txt','2027-01-21'),(158,'usuario',435,'msg4029.txt','2026-07-01'),(159,'empresa',34,'msg4030.txt','2028-09-21'),(160,'usuario',114,'msg4031.txt','2020-01-17'),(161,'empresa',22,'msg4032.txt','2025-04-23'),(162,'getlove',NULL,'msg4033.txt','2024-08-16'),(163,'usuario',342,'msg4034.txt','2020-02-07'),(164,'usuario',238,'msg4035.txt','2027-12-04'),(165,'empresa',16,'msg4036.txt','2020-07-04'),(166,'usuario',205,'msg4037.txt','2027-02-10'),(167,'empresa',48,'msg4038.txt','2025-04-18'),(168,'empresa',38,'msg4039.txt','2019-02-01'),(169,'usuario',390,'msg4040.txt','2022-06-27'),(170,'empresa',5,'msg4041.txt','2022-12-09'),(171,'usuario',278,'msg4042.txt','2023-01-01'),(172,'usuario',296,'msg4043.txt','2025-01-02'),(173,'usuario',251,'msg4044.txt','2025-01-03'),(174,'empresa',18,'msg4045.txt','2020-08-03'),(175,'getlove',NULL,'msg4046.txt','2026-03-27'),(176,'empresa',12,'msg4047.txt','2023-10-15'),(177,'empresa',22,'msg4048.txt','2020-12-20'),(178,'usuario',250,'msg4049.txt','2020-02-24'),(179,'getlove',NULL,'msg4050.txt','2025-04-03'),(180,'empresa',30,'msg4051.txt','2022-03-20'),(181,'getlove',NULL,'msg4052.txt','2028-12-28'),(182,'getlove',NULL,'msg4053.txt','2026-07-04'),(183,'usuario',483,'msg4054.txt','2027-02-05'),(184,'getlove',NULL,'msg4055.txt','2026-05-23'),(185,'empresa',10,'msg4056.txt','2018-07-28'),(186,'usuario',222,'msg4057.txt','2022-07-09'),(187,'usuario',200,'msg4058.txt','2024-10-26'),(188,'getlove',NULL,'msg4059.txt','2022-12-16'),(189,'empresa',25,'msg4060.txt','2018-03-10'),(190,'empresa',43,'msg4061.txt','2024-06-04'),(191,'usuario',76,'msg4062.txt','2018-12-17'),(192,'usuario',248,'msg4063.txt','2019-03-18'),(193,'empresa',24,'msg4064.txt','2026-08-07'),(194,'getlove',NULL,'msg4065.txt','2024-08-12'),(195,'getlove',NULL,'msg4066.txt','2021-06-06'),(196,'empresa',49,'msg4067.txt','2019-07-13'),(197,'getlove',NULL,'msg4068.txt','2024-10-17'),(198,'getlove',NULL,'msg4069.txt','2021-10-14'),(199,'empresa',21,'msg4070.txt','2025-07-10');
/*!40000 ALTER TABLE `Ocorrencia` ENABLE KEYS */;
UNLOCK TABLES;

--
-- Table structure for table `Pessoa`
--

DROP TABLE IF EXISTS `Pessoa`;
/*!40101 SET @saved_cs_client     = @@character_set_client */;
/*!40101 SET character_set_client = utf8 */;
CREATE TABLE `Pessoa` (
  `id_pessoa` int(11) NOT NULL,
  `cpf` char(11) NOT NULL,
  `email` varchar(50) NOT NULL,
  `nome` varchar(100) NOT NULL,
  `data_nascimento` date NOT NULL,
  `sexo` char(1) NOT NULL,
  `cidade` varchar(30) NOT NULL,
  `uf` char(2) NOT NULL,
  `numero_filhos` int(11) DEFAULT NULL,
  `tabaco` int(11) DEFAULT NULL,
  `alcool` int(11) DEFAULT NULL,
  `outras_drogas` int(11) DEFAULT NULL,
  `religiao` int(11) DEFAULT NULL,
  `tipo_de_personalidade` int(11) DEFAULT NULL,
  `latitude` float(10,6) DEFAULT NULL,
  `longitude` float(10,6) DEFAULT NULL,
  PRIMARY KEY (`id_pessoa`),
  UNIQUE KEY `cpf` (`cpf`),
  UNIQUE KEY `email` (`email`)
) ENGINE=InnoDB DEFAULT CHARSET=latin1;
/*!40101 SET character_set_client = @saved_cs_client */;

--
-- Dumping data for table `Pessoa`
--

LOCK TABLES `Pessoa` WRITE;
/*!40000 ALTER TABLE `Pessoa` DISABLE KEYS */;
INSERT INTO `Pessoa` VALUES (0,'47139957952','john@gmail.com','John','1942-05-08','M','Santo Andre','SP',2,0,0,1,0,13,34.109501,50.854801),(1,'49337267118','vern@yahoo.com','Vern','1980-02-02','M','Ribeirao Preto','SP',4,1,1,1,4,13,35.664299,46.826401),(2,'48860521712','theron@gmail.com','Theron','1976-11-22','M','Vitoria','ES',0,1,0,0,3,5,23.696100,41.133801),(3,'43680942815','joel@gmail.com','Joel','1998-12-13','M','Duque de Caxias','RJ',4,1,1,0,8,13,38.486198,52.354698),(4,'46763940549','angus@yahoo.com','Angus','1974-02-18','M','Governador Valadares','MG',5,0,1,0,3,9,35.484402,33.502701),(5,'44040589206','wood@outlook.com','Wood','1936-12-18','M','Serra','ES',4,1,1,1,10,12,28.812500,58.126301),(6,'49503885222','lawson@outlook.com','Lawson','1989-12-26','M','Cariacica','ES',5,0,1,1,9,7,24.117399,33.154800),(7,'44213741818','hezekiah@yahoo.com','Hezekiah','1988-08-26','M','Cariacica','ES',2,1,1,1,5,10,13.315100,40.520599),(8,'47518882677','asa@yahoo.com','Asa','1968-10-24','M','Vila Velha','ES',0,1,0,1,3,14,11.518200,43.927200),(9,'47755059441','tommy@yahoo.com','Tommy','1965-12-27','M','Itajai','SC',0,1,1,0,7,9,39.949501,31.866301),(10,'43598683098','mace@outlook.com','Mace','1965-04-27','M','Petropolis','RJ',0,0,1,0,0,0,39.276600,43.157600),(11,'49049355265','herschel@gmail.com','Herschel','1993-03-04','M','Sao Goncalo','RJ',3,0,0,1,1,15,12.085800,51.710201),(12,'46960676088','stewart@gmail.com','Stewart','1933-06-21','M','Sao Mateus','ES',3,0,1,1,8,10,12.562000,32.765301),(13,'43221448306','ignatius@yahoo.com','Ignatius','1966-02-05','M','Contagem','MG',2,0,0,1,6,3,21.000401,56.854698),(14,'46413720261','arnold@gmail.com','Arnold','1973-01-26','M','Volta Redonda','RJ',3,1,0,1,0,8,35.652199,34.423698),(15,'45737312812','duncan@outlook.com','Duncan','1960-05-22','M','Vila Velha','ES',4,0,0,1,3,4,15.224500,45.367599),(16,'49459227124','pinkney@yahoo.com','Pinkney','1964-12-22','M','Itajai','SC',3,1,0,1,7,11,14.719500,54.731098),(17,'41396959009','lou@aol.com','Lou','1979-06-03','M','Ribeirao das Neves','MG',5,1,1,0,5,8,39.839401,53.229401),(18,'43179837424','brooks@aol.com','Brooks','1985-02-22','M','Niteroi','RJ',0,0,1,1,7,6,32.837200,54.863800),(19,'48296443824','boss@gmail.com','Boss','1930-05-27','M','Maua','SP',4,1,0,1,9,9,37.723301,55.957100),(20,'45819830831','eric@yahoo.com','Eric','1990-10-27','M','Jaragua do Sul','SC',0,1,0,1,2,3,18.068300,40.284199),(21,'44296464572','colonel@yahoo.com','Colonel','1966-07-13','M','Osasco','SP',4,1,1,1,10,15,34.076302,55.542702),(22,'40386858621','rudolph@outlook.com','Rudolph','1932-10-19','M','Aracruz','ES',4,1,0,0,10,15,38.773998,31.551901),(23,'40139528942','billie@outlook.com','Billie','1935-01-22','M','Santo Andre','SP',2,0,0,0,0,13,32.506199,59.772598),(24,'45125002296','callie@yahoo.com','Callie','1933-09-02','M','Duque de Caxias','RJ',4,1,1,0,5,5,26.682600,49.368801),(25,'40588518273','clair@gmail.com','Clair','1950-09-19','M','Campos dos Goytacazes','RJ',3,1,0,1,3,9,11.889100,59.173901),(26,'44189423651','max@aol.com','Max','1958-02-21','M','Betim','MG',3,1,1,1,8,5,13.434500,39.491901),(27,'42163479799','jones@outlook.com','Jones','1982-12-20','M','Niteroi','RJ',2,0,0,1,10,4,19.673500,44.691399),(28,'49361823883','adron@yahoo.com','Adron','1976-08-17','M','Maua','SP',2,1,0,0,8,5,29.552401,34.808800),(29,'40079246549','loren@aol.com','Loren','1967-04-13','M','Cariacica','ES',4,0,1,0,7,14,26.208599,59.940201),(30,'41848938358','adelbert@outlook.com','Adelbert','1969-08-15','M','Lages','SC',0,0,0,0,0,1,35.062199,59.787701),(31,'44337382575','mack@outlook.com','Mack','1934-03-23','M','Colatina','ES',2,0,1,0,2,13,28.536400,51.745499),(32,'44060609865','maxwell@aol.com','Maxwell','1989-10-26','M','Cachoeiro de Itapemirim','ES',5,1,1,1,9,2,20.594200,49.330898),(33,'46560415553','ernie@gmail.com','Ernie','1944-09-18','M','Guarulhos','SP',5,1,0,1,9,5,27.825199,54.435501),(34,'40266921604','fletcher@yahoo.com','Fletcher','1953-02-26','M','Volta Redonda','RJ',2,0,0,1,0,2,33.706799,44.439301),(35,'46256008255','gladys@aol.com','Gladys','1999-01-27','M','Maua','SP',0,0,1,0,5,2,21.521299,51.629200),(36,'42558747791','manuel@gmail.com','Manuel','1949-03-09','M','Vila Velha','ES',2,0,1,0,1,5,30.009701,48.569901),(37,'47434945161','jewell@gmail.com','Jewell','1972-08-30','M','Sao Joao de Meriti','RJ',1,1,0,0,0,10,21.191500,55.219002),(38,'44054381882','buddy@yahoo.com','Buddy','1977-05-05','M','Sao Joao de Meriti','RJ',4,0,1,1,7,0,32.832100,43.264400),(39,'42755625066','royal@aol.com','Royal','1985-04-02','M','Joinville','SC',2,0,1,1,4,7,30.019300,59.349800),(40,'40773220274','louise@outlook.com','Louise','1984-10-03','M','Vila Velha','ES',0,0,1,1,2,7,14.658000,41.191299),(41,'40607345000','ed@gmail.com','Ed','1980-01-05','M','Sao Jose','SC',2,0,0,0,1,0,17.511400,53.302898),(42,'47713723415','murphy@gmail.com','Murphy','1947-07-12','M','Jaragua do Sul','SC',1,0,0,0,1,14,32.506802,49.819500),(43,'46897350835','almon@aol.com','Almon','1948-01-16','M','Chapeco','SC',2,0,1,1,9,7,17.182699,34.748901),(44,'49744197722','dock@outlook.com','Dock','1997-06-03','M','Colatina','ES',0,1,0,0,10,4,34.751900,50.528801),(45,'40112253013','lonnie@outlook.com','Lonnie','1974-01-05','M','Sao Joao de Meriti','RJ',4,1,1,1,7,14,25.902000,57.322399),(46,'47411065551','laverne@aol.com','Laverne','1971-08-16','M','Itajai','SC',0,0,0,1,6,4,26.042700,55.249901),(47,'41891434959','josephine@gmail.com','Josephine','1948-04-30','M','Guarulhos','SP',4,0,0,1,10,6,14.107300,54.012600),(48,'49524809552','pat@yahoo.com','Pat','1963-12-12','M','Joinville','SC',4,1,1,0,2,10,20.133499,32.925701),(49,'47132722324','mildred@gmail.com','Mildred','1968-01-23','M','Joinville','SC',3,1,0,1,10,4,17.981800,31.598801),(50,'45245385555','horace@yahoo.com','Horace','1938-03-19','M','Uberlandia','MG',5,0,0,1,1,14,32.388500,55.209702),(51,'43615246219','raleigh@outlook.com','Raleigh','1971-10-17','M','Uberlandia','MG',4,1,1,0,7,4,10.899100,57.294201),(52,'47342535632','stacy@gmail.com','Stacy','1956-02-14','M','Volta Redonda','RJ',5,1,0,1,7,0,16.175400,34.793701),(53,'40717759926','elton@yahoo.com','Elton','1978-02-22','M','Governador Valadares','MG',2,1,1,1,1,12,29.316200,45.187500),(54,'43763582582','josiah@outlook.com','Josiah','1939-07-12','M','Belford Roxo','RJ',1,0,0,1,9,11,35.079102,33.477001),(55,'45459595263','johnnie@gmail.com','Johnnie','1988-05-13','M','Volta Redonda','RJ',3,0,1,0,1,9,30.327499,37.454102),(56,'44977632824','burley@gmail.com','Burley','1970-06-27','M','Santo Andre','SP',2,0,1,1,8,1,35.266300,31.865400),(57,'43731731304','eli@gmail.com','Eli','1957-05-07','M','Montes Claros','MG',0,0,1,0,2,9,36.303600,30.498899),(58,'46971595590','bertrand@yahoo.com','Bertrand','1955-03-09','M','Rio de Janeiro','RJ',0,0,0,1,4,1,13.469500,49.364399),(59,'44013440216','ben@outlook.com','Ben','1991-08-14','M','Sao Joao de Meriti','RJ',0,0,1,0,3,11,22.435400,53.827499),(60,'42868910110','lincoln@aol.com','Lincoln','1951-08-24','M','Uberlandia','MG',1,0,0,1,6,2,17.211100,39.184700),(61,'45210331333','linus@aol.com','Linus','1988-01-17','M','Linhares','ES',3,1,0,1,2,0,10.999900,59.189098),(62,'46994952468','neal@outlook.com','Neal','1956-04-27','M','Ribeirao das Neves','MG',0,0,0,0,2,1,27.357901,41.607899),(63,'46005230963','tracy@yahoo.com','Tracy','1970-07-26','M','Juiz de Fora','MG',2,0,0,0,1,3,14.513800,35.695599),(64,'43782268622','nicholas@yahoo.com','Nicholas','1997-05-18','M','Palhoca','SC',5,0,0,1,5,6,13.743000,44.104698),(65,'43719089780','royce@aol.com','Royce','1982-10-12','M','Uberlandia','MG',5,0,0,0,6,5,39.956799,49.849499),(66,'40561448166','oakley@yahoo.com','Oakley','1939-06-06','M','Vitoria','ES',4,0,1,1,6,6,16.458799,45.390301),(67,'44059733793','roosevelt@aol.com','Roosevelt','1936-03-03','M','Uberaba','MG',3,1,0,1,7,14,17.184200,57.164299),(68,'46435886406','masao@outlook.com','Masao','1969-01-25','M','Contagem','MG',1,0,0,0,6,14,29.456800,34.390202),(69,'42436044244','virgil@outlook.com','Virgil','1986-11-30','M','Belford Roxo','RJ',4,0,1,0,9,5,25.060499,44.000900),(70,'45462541355','durwood@aol.com','Durwood','1985-03-21','M','Santo Andre','SP',1,1,0,1,9,10,10.373900,55.140099),(71,'42978985010','phil@aol.com','Phil','1971-09-10','M','Juiz de Fora','MG',1,0,1,0,8,4,26.185301,40.580399),(72,'48893996168','finis@aol.com','Finis','1961-10-24','M','Duque de Caxias','RJ',5,1,1,1,5,9,34.289600,47.430500),(73,'46983492252','galen@outlook.com','Galen','1964-06-15','M','Belford Roxo','RJ',0,1,0,1,7,10,39.939301,42.213200),(74,'48007898933','micheal@gmail.com','Micheal','1980-12-25','M','Sao Jose','SC',4,0,0,1,0,11,30.375200,34.659199),(75,'48984982005','sigmund@outlook.com','Sigmund','1961-10-22','M','Blumenau','SC',1,1,0,0,5,3,35.237701,35.179798),(76,'42257086735','rodney@outlook.com','Rodney','1995-03-18','M','Cachoeiro de Itapemirim','ES',1,0,0,0,6,13,17.209101,54.918499),(77,'41930805991','hermon@aol.com','Hermon','1989-07-17','M','Linhares','ES',5,1,0,1,3,0,37.868500,51.776100),(78,'44686460500','harvey@yahoo.com','Harvey','1976-02-05','M','RIbeirao Preto','SP',4,1,1,0,10,8,21.089500,39.191299),(79,'49332864816','hugo@yahoo.com','Hugo','1977-04-18','M','Osasco','SP',5,1,1,1,5,3,18.235600,49.536900),(80,'44909554766','judge@gmail.com','Judge','1986-07-29','M','Governador Valadares','MG',3,0,0,1,3,5,20.688299,50.879700),(81,'44090626788','benny@gmail.com','Benny','1970-08-29','M','Itajai','SC',3,1,1,0,6,8,36.024399,37.695202),(82,'43934278158','evert@outlook.com','Evert','1983-05-17','M','Rio de Janeiro','RJ',5,1,1,1,1,10,27.746201,58.749699),(83,'47173341063','lester@gmail.com','Lester','1947-01-22','M','Cariacica','ES',3,0,1,1,8,15,33.073200,37.201000),(84,'46775139624','luke@gmail.com','Luke','1990-05-27','M','Sao Jose dos Campos','SP',0,0,1,0,6,4,13.131700,35.865398),(85,'48463548675','alois@outlook.com','Alois','1990-04-14','M','Cariacica','ES',4,0,1,0,0,12,24.826599,56.415100),(86,'43314843472','reginald@aol.com','Reginald','1935-03-15','M','Santo Andre','SP',3,0,0,0,3,5,27.531099,34.057301),(87,'43562545681','hyman@yahoo.com','Hyman','1987-08-21','M','Vitoria','ES',1,1,0,0,8,10,24.544600,51.154598),(88,'43634101464','don@gmail.com','Don','1969-07-01','M','Betim','MG',3,0,0,0,2,14,11.235100,33.907799),(89,'48091882768','norwood@yahoo.com','Norwood','1933-05-24','M','Sao Bernardo do Campo','SP',4,1,1,1,5,11,35.126400,42.678398),(90,'47551076618','harlan@outlook.com','Harlan','1989-11-19','M','Cachoeiro de Itapemirim','ES',0,0,1,0,6,15,23.962299,54.905300),(91,'48269786562','jon@aol.com','Jon','1945-07-18','M','Vitoria','ES',1,0,1,0,0,13,23.652700,44.860001),(92,'40507334536','frederick@aol.com','Frederick','1967-05-12','M','Itajai','SC',0,1,1,1,5,14,19.086800,38.714199),(93,'49559675802','rodger@aol.com','Rodger','1938-11-04','M','Osasco','SP',3,0,1,0,5,3,36.764000,57.196999),(94,'41948773078','marco@yahoo.com','Marco','1947-02-17','M','Chapeco','SC',0,1,1,1,4,1,35.735001,37.776199),(95,'46446772525','dallas@aol.com','Dallas','1977-02-27','M','Petropolis','RJ',5,1,0,1,5,13,25.174101,41.082401),(96,'45325853623','alejandro@outlook.com','Alejandro','1986-02-26','M','Guarapari','ES',3,1,1,0,6,10,12.843600,41.404701),(97,'49521372736','theodore@aol.com','Theodore','1940-12-25','M','Ribeirao das Neves','MG',3,0,1,0,7,7,15.776200,47.262699),(98,'43839179464','jeff@outlook.com','Jeff','1953-02-22','M','Osasco','SP',1,1,1,1,8,6,16.439301,54.055302),(99,'44022333989','otho@gmail.com','Otho','1993-11-19','M','Belo Horizonte','MG',0,0,0,0,2,7,18.030899,56.266201),(100,'47056964123','wilfred@gmail.com','Wilfred','1936-08-09','M','Osasco','SP',0,0,1,1,1,11,39.674801,32.631901),(101,'47292233796','reynaldo@yahoo.com','Reynaldo','1939-02-24','M','Juiz de Fora','MG',5,0,0,1,7,7,16.796301,44.144001),(102,'42024157283','alfred@aol.com','Alfred','1952-05-11','M','Guarulhos','SP',1,0,0,1,8,5,29.814501,31.863400),(103,'46554761742','rolland@outlook.com','Rolland','1963-10-09','M','Lages','SC',3,0,1,0,5,7,12.265900,49.617298),(104,'44048396382','garfield@yahoo.com','Garfield','1930-11-21','M','Belford Roxo','RJ',0,1,0,0,10,2,37.388401,31.862301),(105,'47809340145','ellis@outlook.com','Ellis','1980-01-30','M','Serra','ES',5,0,1,0,0,4,28.883801,42.421700),(106,'41665658884','robin@gmail.com','Robin','1947-07-20','M','Governador Valadares','MG',4,0,0,0,0,10,30.326099,31.300301),(107,'46725898145','stanley@gmail.com','Stanley','1981-05-13','M','Chapeco','SC',1,0,1,0,8,15,18.716999,42.991001),(108,'42497053771','ward@yahoo.com','Ward','1945-02-02','M','Cariacica','ES',5,1,1,0,10,6,10.969400,38.252399),(109,'41413597351','von@aol.com','Von','1939-10-13','M','Governador Valadares','MG',2,1,0,1,8,1,22.635799,42.740799),(110,'42152746146','eldon@aol.com','Eldon','1964-01-27','M','Belford Roxo','RJ',2,0,0,0,0,11,39.755501,58.176601),(111,'40969386210','justin@yahoo.com','Justin','1989-04-02','M','Ribeirao das Neves','MG',1,1,1,1,2,4,27.927200,30.462000),(112,'43766932675','francis@aol.com','Francis','1930-04-22','M','Guarulhos','SP',5,0,1,0,4,1,26.164801,52.613899),(113,'49998395190','jerrold@aol.com','Jerrold','1956-01-13','M','Niteroi','RJ',3,0,0,0,9,14,23.104000,38.905998),(114,'49886059226','kim@outlook.com','Kim','1977-08-17','M','Volta Redonda','RJ',4,1,0,1,0,12,21.492300,43.039398),(115,'44720575830','avery@aol.com','Avery','1946-05-15','M','RIbeirao Preto','SP',4,1,0,0,4,3,37.398300,33.107700),(116,'46053151776','harry@gmail.com','Harry','1944-03-01','M','Sao Jose','SC',0,0,1,0,6,5,17.561100,41.971802),(117,'40846181193','mervin@aol.com','Mervin','1949-12-30','M','Ipatinga','MG',4,0,0,1,2,4,19.324200,44.753502),(118,'42862594740','vicente@gmail.com','Vicente','1973-04-27','M','Palhoca','SC',3,1,1,1,10,1,10.994200,36.748100),(119,'47139427237','clark@yahoo.com','Clark','1938-06-30','M','Cariacica','ES',4,1,1,1,0,12,31.093599,49.704899),(120,'42743027750','donn@aol.com','Donn','1987-10-06','M','Cariacica','ES',1,1,1,0,9,12,10.223900,50.561501),(121,'47381313886','albert@outlook.com','Albert','1941-03-06','M','Chapeco','SC',3,0,1,0,2,7,32.687401,52.352402),(122,'41830389105','vaughn@gmail.com','Vaughn','1954-06-09','M','Betim','MG',3,1,1,1,8,11,18.123301,52.195900),(123,'43883710364','newell@aol.com','Newell','1977-06-24','M','Ipatinga','MG',1,0,0,0,1,1,32.618099,53.055901),(124,'42221355591','ross@aol.com','Ross','1958-05-01','M','Juiz de Fora','MG',5,1,1,0,4,10,19.811800,57.356998),(125,'43364569967','dee@gmail.com','Dee','1959-03-21','M','Cariacica','ES',3,1,1,1,1,4,10.625500,59.233700),(126,'44547322759','peter@gmail.com','Peter','1960-10-05','M','Volta Redonda','RJ',0,1,1,1,8,8,28.345200,45.267799),(127,'42418589663','merlin@outlook.com','Merlin','1939-11-12','M','Ipatinga','MG',5,1,1,0,4,14,32.103901,58.133701),(128,'47426900028','lenny@yahoo.com','Lenny','1985-11-18','M','Cachoeiro de Itapemirim','ES',4,0,1,0,4,15,17.755600,56.013901),(129,'46463479509','mitchell@outlook.com','Mitchell','1964-02-04','M','Chapeco','SC',5,1,1,0,4,6,21.120501,37.664700),(130,'43953995610','burl@outlook.com','Burl','1959-05-30','M','Belford Roxo','RJ',3,1,0,0,10,12,24.442600,32.623798),(131,'41165100690','gregory@gmail.com','Gregory','1953-10-07','M','Sao Joao de Meriti','RJ',3,1,0,0,9,6,17.324800,52.843800),(132,'40950890795','thurman@aol.com','Thurman','1977-01-03','M','Sao Bernardo do Campo','SP',1,1,0,1,9,6,33.869900,47.477001),(133,'43969829178','tyler@yahoo.com','Tyler','1987-03-10','M','Palhoca','SC',5,1,0,0,3,9,10.087100,47.366001),(134,'48707542893','byron@outlook.com','Byron','1954-11-04','M','Betim','MG',0,1,1,0,5,2,39.641201,37.608501),(135,'47260703585','basil@gmail.com','Basil','1939-04-01','M','Uberaba','MG',1,1,0,0,2,11,17.058100,32.896301),(136,'40686820441','terry@gmail.com','Terry','1970-03-07','M','Uberaba','MG',1,0,1,0,8,9,20.295601,32.402802),(137,'42854606924','rodolfo@aol.com','Rodolfo','1950-11-26','M','Guarapari','ES',4,0,0,1,9,10,11.281900,43.535900),(138,'43613950207','kip@yahoo.com','Kip','1975-04-04','M','Sao Joao de Meriti','RJ',4,1,0,1,2,8,37.644402,53.167599),(139,'44862142956','tyrone@gmail.com','Tyrone','1959-05-04','M','Osasco','SP',5,1,0,1,0,5,18.375799,55.397400),(140,'45218227626','mitchel@outlook.com','Mitchel','1970-12-20','M','Campos dos Goytacazes','RJ',3,1,1,1,1,5,38.966900,47.367802),(141,'47192760101','edward@yahoo.com','Edward','1950-05-28','M','Uberaba','MG',1,0,0,0,5,15,37.064602,53.510700),(142,'49039360003','barney@yahoo.com','Barney','1992-11-02','M','Contagem','MG',4,1,1,0,1,8,21.016899,37.920601),(143,'48275998262','walker@gmail.com','Walker','1950-11-01','M','Sorocaba','SP',2,1,1,1,2,10,11.060100,51.598099),(144,'46492536568','morris@gmail.com','Morris','1964-04-20','M','Sao Jose','SC',1,1,0,1,10,8,22.985701,55.009102),(145,'40699349294','arlen@yahoo.com','Arlen','1950-11-28','M','Guarapari','ES',0,0,1,0,0,7,19.917500,52.007599),(146,'46063362292','larry@aol.com','Larry','1939-01-09','M','Chapeco','SC',2,1,0,0,3,11,39.804199,52.324799),(147,'47988675428','dannie@gmail.com','Dannie','1989-03-02','M','RIbeirao Preto','SP',5,0,0,1,2,3,27.441000,42.120201),(148,'42220701112','dewitt@gmail.com','Dewitt','1975-06-10','M','Belford Roxo','RJ',2,1,1,0,9,2,12.234400,31.722300),(149,'47256176293','clifton@aol.com','Clifton','1960-01-23','M','Guarulhos','SP',2,0,0,0,4,7,39.683300,55.939098),(150,'48913242529','matt@gmail.com','Matt','1964-10-06','M','Governador Valadares','MG',1,1,1,1,5,13,11.502300,40.652401),(151,'43365583593','joseph@aol.com','Joseph','1931-10-10','M','Sao Joao de Meriti','RJ',5,1,1,1,3,3,27.822800,35.505199),(152,'44229146857','bart@aol.com','Bart','1952-01-27','M','Campos dos Goytacazes','RJ',1,1,0,0,3,10,31.883101,49.467499),(153,'41862835243','bertram@gmail.com','Bertram','1979-12-08','M','Niteroi','RJ',2,1,1,0,3,7,26.316401,55.758099),(154,'49469849857','antonio@yahoo.com','Antonio','1993-05-11','M','RIbeirao Preto','SP',4,1,0,0,4,9,31.322001,36.722000),(155,'43083745340','rogelio@gmail.com','Rogelio','1995-01-25','M','Jaragua do Sul','SC',1,1,0,1,7,2,33.045799,48.047901),(156,'45357525531','richard@yahoo.ca','Richard','1980-08-17','M','Itajai','SC',0,1,0,0,0,4,23.207100,43.061600),(157,'49138241029','dewey@outlook.com','Dewey','1946-01-03','M','Campinas','SP',5,0,0,0,3,8,37.940701,53.102798),(158,'45945013850','damian@aol.com','Damian','1982-06-16','M','Sao Mateus','ES',4,0,0,1,1,1,39.062099,30.534100),(159,'46135358216','jimmie@aol.com','Jimmie','1951-06-18','M','Itajai','SC',0,1,0,1,10,8,27.340200,43.662399),(160,'42489222163','jake@gmail.com','Jake','1946-11-17','M','Osasco','SP',1,0,0,0,9,13,28.892099,56.300900),(161,'48756155880','james@gmail.com','James','1968-07-28','M','Vila Velha','ES',1,0,1,1,2,10,27.637300,43.024101),(162,'49025221168','alfonso@gmail.com','Alfonso','1947-10-13','M','Serra','ES',1,0,1,1,6,7,20.698200,54.203899),(163,'44214735377','lars@outlook.com','Lars','1943-10-10','M','Governador Valadares','MG',5,0,1,0,6,12,16.615801,42.215302),(164,'47471139520','lanny@aol.com','Lanny','1984-08-07','M','Governador Valadares','MG',4,1,1,1,3,10,32.474300,49.582500),(165,'45842010156','mitch@outlook.com','Mitch','1972-06-13','M','Jaragua do Sul','SC',0,1,1,1,9,13,36.169998,36.854099),(166,'44456864209','lorne@gmail.com','Lorne','1972-06-13','M','Sao Paulo','SP',5,0,0,1,7,9,31.066200,44.925598),(167,'49987773994','leon@yahoo.com','Leon','1975-07-24','M','Sao Bernardo do Campo','SP',0,0,1,0,0,8,12.869500,52.485100),(168,'41883368445','elvis@outlook.com','Elvis','1943-12-16','M','Sao Mateus','ES',5,0,1,1,2,10,32.606201,32.501701),(169,'48879982031','arlie@aol.com','Arlie','1934-09-23','M','Sao Joao de Meriti','RJ',3,1,1,1,9,11,27.893700,55.990501),(170,'41365803938','rickie@yahoo.com','Rickie','1976-10-03','M','Palhoca','SC',1,1,0,0,10,9,25.095301,31.190300),(171,'48135275834','elwood@aol.com','Elwood','1935-10-05','M','Itajai','SC',2,1,1,1,8,9,23.519800,52.586300),(172,'46462725181','eddy@aol.com','Eddy','1968-12-12','M','Vitoria','ES',0,1,1,1,3,7,11.369200,33.886299),(173,'44534866061','olin@aol.com','Olin','1938-04-23','M','Uberlandia','MG',5,1,0,1,7,0,20.457100,50.006199),(174,'43072688574','van@outlook.com','Van','1989-11-13','M','Betim','MG',3,0,0,1,1,11,36.945999,30.747900),(175,'41218788094','emory@outlook.com','Emory','1961-06-28','M','Linhares','ES',1,0,1,0,1,12,21.353701,57.706001),(176,'40203529262','daryl@gmail.com','Daryl','1989-09-28','M','Chapeco','SC',0,1,1,1,2,10,29.395300,54.247200),(177,'42309613229','efrain@aol.com','Efrain','1955-06-07','M','Joinville','SC',1,0,1,1,0,15,31.200600,30.757299),(178,'41515559795','cedrick@yahoo.com','Cedrick','1987-05-13','M','Blumenau','SC',4,1,1,0,9,1,13.124400,46.230999),(179,'45204170925','darnell@yahoo.com','Darnell','1964-10-11','M','Joinville','SC',0,0,0,1,1,1,23.132200,52.185699),(180,'42650679665','jarrett@yahoo.com','Jarrett','1960-04-24','M','Contagem','MG',5,0,0,1,5,13,21.215200,52.593102),(181,'42119178671','ethan@yahoo.com','Ethan','1993-12-18','M','Palhoca','SC',5,1,0,1,10,9,30.893600,52.738499),(182,'42116779773','issac@gmail.com','Issac','1999-07-12','M','Criciuma','SC',1,0,1,0,4,13,36.894798,59.136799),(183,'45183373737','clay@gmail.com','Clay','1939-07-02','M','Montes Claros','MG',1,0,0,1,0,12,25.086599,30.493401),(184,'41326124076','quincy@gmail.com','Quincy','1974-03-01','M','Sao Goncalo','RJ',3,0,0,0,8,2,23.066299,40.670799),(185,'43432203328','clinton@aol.com','Clinton','1992-10-07','M','Duque de Caxias','RJ',4,0,0,1,1,1,20.208700,30.837700),(186,'41522069146','cleveland@outlook.com','Cleveland','1964-12-02','M','Ribeirao das Neves','MG',3,1,1,1,3,13,12.079800,34.121601),(187,'49544816439','reese@gmail.com','Reese','1973-04-05','M','Serra','ES',4,1,0,1,0,6,33.515400,48.300999),(188,'49834193370','tate@aol.com','Tate','1949-04-07','M','Guarulhos','SP',2,0,0,0,1,1,24.970301,41.627300),(189,'40027144216','devon@aol.com','Devon','1943-10-29','M','Lages','SC',3,0,1,1,10,7,37.010601,43.384102),(190,'49169770270','claudio@gmail.com','Claudio','1943-01-28','M','Chapeco','SC',0,1,0,0,6,5,16.846300,53.143600),(191,'41767284182','sammy@aol.com','Sammy','1940-03-21','M','Florianopolis','SC',3,0,1,0,3,13,36.834301,56.215401),(192,'44691679980','coy@yahoo.com','Coy','1989-11-14','M','Campinas','SP',5,1,0,1,1,1,33.073898,33.208698),(193,'43193239428','wesley@gmail.com','Wesley','1999-08-06','M','Cachoeiro de Itapemirim','ES',1,1,0,0,2,12,34.070801,32.083099),(194,'49319880120','ken@gmail.com','Ken','1971-08-23','M','Itajai','SC',2,1,1,0,0,1,17.124001,47.529400),(195,'47177190225','antwon@gmail.com','Antwon','1972-10-20','M','Vitoria','ES',5,0,0,1,7,3,38.731701,44.650902),(196,'49100309414','ernest@yahoo.com','Ernest','1997-10-28','M','Sao Goncalo','RJ',0,0,1,0,10,15,21.151600,42.581600),(197,'41297574135','stefan@gmail.com','Stefan','1984-09-08','M','Aracruz','ES',4,0,0,1,10,5,17.963200,59.276798),(198,'40845116494','kennith@gmail.com','Kennith','1982-11-19','M','Campos dos Goytacazes','RJ',5,0,1,1,10,1,33.132500,31.738300),(199,'44098200209','leo@outlook.com','Leo','1971-03-18','M','Sao Paulo','SP',2,0,1,1,4,1,27.511299,59.271301),(200,'41155321110','adolfo@outlook.com','Adolfo','1993-11-18','M','Governador Valadares','MG',1,0,0,1,7,7,22.028999,42.147701),(201,'45266276025','roberto@aol.com','Roberto','1941-08-17','M','Ribeirao das Neves','MG',5,1,0,1,7,11,39.156898,36.401199),(202,'47377755104','isidro@yahoo.com','Isidro','1940-11-04','M','Betim','MG',1,0,0,0,9,1,27.180099,35.998600),(203,'41542287097','darin@aol.com','Darin','1950-01-21','M','Ribeirao das Neves','MG',5,0,0,0,7,6,21.447201,57.436901),(204,'44375516775','jermey@yahoo.com','Jermey','1944-02-06','M','Campos dos Goytacazes','RJ',1,0,0,0,1,7,13.754500,48.192501),(205,'48322351521','isaac@aol.com','Isaac','1988-07-16','M','RIbeirao Preto','SP',4,1,1,0,10,7,27.432400,39.208500),(206,'49610653159','sterling@yahoo.com','Sterling','1967-03-08','M','RIbeirao Preto','SP',0,0,0,1,6,15,37.992100,37.598099),(207,'48466343144','jarad@aol.com','Jarad','1951-02-01','M','Florianopolis','SC',4,0,1,1,4,0,16.516600,47.778702),(208,'40441072348','dwight@gmail.com','Dwight','1988-10-10','M','Governador Valadares','MG',1,1,0,0,6,14,39.526501,36.445801),(209,'49588581520','brennan@outlook.com','Brennan','1983-08-02','M','Jaragua do Sul','SC',0,0,0,1,10,8,35.839001,30.986099),(210,'42115473087','chandler@yahoo.com','Chandler','1935-08-09','M','Vitoria','ES',0,0,0,0,4,8,36.883999,32.795399),(211,'43760388797','duane@outlook.com','Duane','1980-03-23','M','Sao Jose dos Campos','SP',0,0,0,1,9,3,14.145000,59.603901),(212,'42742827395','davin@aol.com','Davin','1959-01-17','M','Guarulhos','SP',3,0,0,1,7,2,29.070999,56.726700),(213,'42050551909','billy@gmail.com','Billy','1974-06-24','M','Belo Horizonte','MG',0,0,0,0,0,15,35.507500,35.770599),(214,'44985063657','amos@aol.com','Amos','1963-01-15','M','Santo Andre','SP',3,1,1,0,8,12,25.378099,42.861599),(215,'41910920618','brandin@outlook.com','Brandin','1995-12-10','M','Sao Goncalo','RJ',2,0,0,0,5,8,32.509300,42.726200),(216,'41743853184','hunter@gmail.com','Hunter','1960-05-01','M','Juiz de Fora','MG',4,1,0,0,6,11,32.233501,56.200699),(217,'44008823276','jacques@yahoo.com','Jacques','1987-05-08','M','Aracruz','ES',2,0,0,1,5,5,35.283001,55.088299),(218,'42079302921','cameron@gmail.com','Cameron','1939-01-23','M','Aracruz','ES',1,0,1,1,0,0,14.363600,59.174400),(219,'40380278080','cecil@yahoo.com','Cecil','1969-12-16','M','Blumenau','SC',0,0,1,0,9,0,18.029400,52.483601),(220,'43894766225','kai@yahoo.com','Kai','1981-08-11','M','Nova Iguacu','RJ',1,0,1,0,7,7,21.315800,47.373199),(221,'49627114042','earl@outlook.com','Earl','1935-02-21','M','Cariacica','ES',4,0,0,0,10,6,29.016100,42.503399),(222,'48754555332','jerry@outlook.com','Jerry','1992-12-14','M','Duque de Caxias','RJ',5,1,0,0,0,3,32.250900,56.622501),(223,'42702976576','donnie@gmail.com','Donnie','1966-10-02','M','Governador Valadares','MG',2,1,0,1,8,7,36.158501,48.906200),(224,'47751826193','dangelo@outlook.com','Dangelo','1964-09-24','M','Blumenau','SC',2,0,0,1,3,10,27.923500,33.059502),(225,'41927975889','chance@gmail.com','Chance','1948-10-03','M','Jaragua do Sul','SC',3,1,0,1,1,11,12.716300,51.193199),(226,'47106754499','jefferson@aol.com','Jefferson','1982-05-30','M','Palhoca','SC',4,0,0,0,1,11,24.159000,37.872299),(227,'47596171319','alan@aol.com','Alan','1971-04-27','M','Sao Goncalo','RJ',1,1,1,0,4,12,23.459999,42.567501),(228,'41798334282','mackenzie@yahoo.com','Mackenzie','1976-03-27','M','Blumenau','SC',0,1,1,1,9,8,10.749500,40.250599),(229,'44727652681','dave@aol.com','Dave','1967-12-20','M','Sao Jose','SC',5,1,0,1,7,0,39.000801,45.226799),(230,'40638861706','giovanni@yahoo.com','Giovanni','1952-05-23','M','Sao Paulo','SP',4,0,1,1,9,12,31.375601,46.104401),(231,'42888755935','cullen@yahoo.com','Cullen','1996-04-10','M','Uberaba','MG',3,1,0,0,1,14,29.724501,35.352001),(232,'48288798860','derrick@aol.com','Derrick','1984-10-09','M','Sao Jose','SC',5,1,1,1,7,4,14.322600,37.344898),(233,'40508896311','perry@yahoo.com','Perry','1988-01-22','M','Linhares','ES',0,0,0,1,2,3,37.175098,46.072102),(234,'42910027237','davonta@aol.com','Davonta','1988-12-10','M','Belo Horizonte','MG',3,0,0,1,8,6,37.521301,30.932800),(235,'44790858722','dean@yahoo.com','Dean','1995-03-12','M','Sao Bernardo do Campo','SP',3,0,1,1,7,0,13.300800,40.373299),(236,'41716620891','jarod@aol.com','Jarod','1946-05-28','M','Joinville','SC',0,0,1,0,2,12,13.047500,48.046200),(237,'41397400742','raymond@outlook.com','Raymond','1955-03-25','M','Sao Goncalo','RJ',3,0,0,0,7,10,20.708700,40.678600),(238,'49379836206','grayson@outlook.com','Grayson','1987-07-24','M','Campinas','SP',1,0,0,0,8,6,35.505299,40.848701),(239,'43091707729','edmund@outlook.com','Edmund','1998-01-12','M','Vitoria','ES',0,1,1,1,7,0,12.063000,55.808701),(240,'42118869058','conor@yahoo.com','Conor','1967-09-24','M','Sao Jose dos Campos','SP',4,1,0,0,3,10,20.340099,38.154701),(241,'43082870855','austyn@outlook.com','Austyn','1986-02-14','M','Jaragua do Sul','SC',1,1,0,1,10,5,28.703100,57.264301),(242,'46157409424','brett@gmail.com','Brett','1989-09-28','M','Belo Horizonte','MG',1,0,1,1,5,3,28.628700,50.584999),(243,'43049656333','santiago@outlook.com','Santiago','1993-02-07','M','Nova Iguacu','RJ',5,1,0,0,1,14,32.442600,30.192900),(244,'41148007353','andreas@aol.com','Andreas','1997-09-08','M','Osasco','SP',4,1,1,0,9,8,15.548800,30.525400),(245,'48065632861','angelo@gmail.com','Angelo','1979-04-13','M','Campinas','SP',2,0,1,1,5,7,22.438101,37.769699),(246,'43838728973','raheem@aol.com','Raheem','1965-10-04','M','Governador Valadares','MG',4,0,0,1,2,1,22.225500,32.613201),(247,'44691242965','colton@yahoo.com','Colton','1974-04-22','M','Niteroi','RJ',0,1,0,1,6,12,16.708500,36.825199),(248,'49987350753','tylor@gmail.com','Tylor','1967-10-26','M','Guarulhos','SP',4,1,0,1,9,2,36.199699,30.653700),(249,'41733311898','ramon@aol.com','Ramon','1979-03-16','M','Governador Valadares','MG',4,0,1,0,8,9,17.036200,48.724899),(250,'48714276811','jarvis@aol.com','Jarvis','1969-06-26','M','Sao Paulo','SP',5,0,0,1,3,5,16.237499,33.573700),(251,'45044090348','paul@aol.com','Paul','1953-04-06','M','Betim','MG',5,1,0,0,4,3,32.382599,32.403099),(252,'46612101447','davon@yahoo.com','Davon','1976-10-01','M','Maua','SP',5,1,0,0,9,8,35.772800,50.146702),(253,'40345342037','bernardo@gmail.com','Bernardo','1991-04-23','M','Florianopolis','SC',0,1,0,0,9,0,33.269199,57.771702),(254,'45975686792','roman@outlook.com','Roman','1993-08-22','M','Governador Valadares','MG',1,0,0,0,7,8,15.360100,56.893902),(255,'46820363642','jaxson@yahoo.com','Jaxson','1931-07-02','M','Serra','ES',5,0,1,1,6,7,15.097800,58.447701),(256,'42445536061','jeremy@gmail.com','Jeremy','1985-09-20','M','Montes Claros','MG',2,0,1,1,0,1,29.767900,33.249298),(257,'48521581226','reed@aol.com','Reed','1990-05-12','M','Ipatinga','MG',1,1,1,1,5,15,10.833800,44.859699),(258,'41710941347','glen@outlook.com','Glen','1950-02-10','M','Maua','SP',1,0,0,1,8,14,22.802799,55.136101),(259,'48525007655','jonathon@yahoo.com','Jonathon','1934-10-18','M','Cariacica','ES',3,1,1,1,8,4,39.871498,35.154800),(260,'45893355600','zechariah@yahoo.com','Zechariah','1949-01-17','M','Belford Roxo','RJ',0,1,0,1,0,13,27.250299,41.404900),(261,'48757774185','joey@yahoo.com','Joey','1940-11-23','M','Guarapari','ES',3,1,1,0,0,0,16.677500,44.450199),(262,'46204249311','heriberto@aol.com','Heriberto','1975-11-19','M','Sao Paulo','SP',5,0,1,0,9,13,33.944698,54.408600),(263,'42183785881','adan@outlook.com','Adan','1967-01-13','M','Linhares','ES',1,0,1,1,8,14,27.618500,38.191601),(264,'43567339882','lamar@gmail.com','Lamar','1930-03-12','M','Campinas','SP',3,0,1,0,9,12,24.923300,44.478100),(265,'41384837565','dominic@gmail.com','Dominic','1963-10-12','M','Duque de Caxias','RJ',1,1,0,0,5,12,38.347599,51.000900),(266,'43023368776','bobby@outlook.com','Bobby','1958-05-12','M','Palhoca','SC',4,0,1,0,0,0,15.903800,36.152500),(267,'46970064049','nikhil@gmail.com','Nikhil','1930-01-30','M','Juiz de Fora','MG',4,0,0,1,9,15,36.396599,31.295300),(268,'48961595499','mateo@gmail.com','Mateo','1967-12-03','M','Campos dos Goytacazes','RJ',1,1,0,1,2,7,28.238501,41.154499),(269,'45447756703','nico@yahoo.com','Nico','1988-11-07','M','Betim','MG',0,0,0,0,8,7,31.984100,38.980701),(270,'42010214836','ian@gmail.com','Ian','1994-11-27','M','Santo Andre','SP',0,1,0,0,10,5,11.827000,41.126900),(271,'40118552687','melvin@outlook.com','Melvin','1959-07-01','M','Cariacica','ES',0,0,1,0,6,10,35.074902,44.041100),(272,'43436995939','konnor@yahoo.com','Konnor','1971-08-26','M','Uberaba','MG',0,0,1,1,8,3,33.611099,59.661999),(273,'44496485203','norma@outlook.com','Norma','1976-10-08','F','Vila Velha','ES',5,0,1,1,4,8,30.488899,39.825500),(274,'44764230027','zetta@gmail.com','Zetta','1960-11-18','F','Itajai','SC',5,1,1,0,7,7,28.037901,56.694199),(275,'46965777755','mae@gmail.com','Mae','1968-09-03','F','Duque de Caxias','RJ',2,0,0,1,0,6,20.462799,39.428001),(276,'41610719498','florida@gmail.com','Florida','1960-05-07','F','Serra','ES',3,1,1,1,2,10,30.381100,31.128901),(277,'45025597881','gwendolyn@yahoo.com','Gwendolyn','1932-05-25','F','Governador Valadares','MG',0,1,0,1,7,7,27.891600,54.719101),(278,'40674718526','lina@gmail.com','Lina','2000-10-10','F','Campinas','SP',3,1,1,1,4,0,23.989000,31.208900),(279,'46572075353','sidney@outlook.com','Sidney','1943-12-12','F','Ribeirao das Neves','MG',4,0,1,1,9,6,35.683800,49.097000),(280,'46691715410','frank@outlook.com','Frank','1949-02-10','F','Ipatinga','MG',4,0,0,0,6,0,31.846001,47.403301),(281,'48723628617','josefa@yahoo.com','Josefa','1972-09-02','F','Florianopolis','SC',3,0,1,0,1,14,35.302399,47.308899),(282,'49348226817','olivia@aol.com','Olivia','1964-09-08','F','Chapeco','SC',4,0,0,1,9,7,32.268200,50.257900),(283,'44038786416','margery@yahoo.com','Margery','1932-04-26','F','Criciuma','SC',1,1,0,1,4,11,14.177900,39.398998),(284,'41583307499','lizzie@gmail.com','Lizzie','1960-12-16','F','Sao Joao de Meriti','RJ',4,1,0,0,7,10,38.373501,58.243599),(285,'42407671965','manda@gmail.com','Manda','1991-11-09','F','Serra','ES',4,1,1,1,6,9,26.768999,53.604599),(286,'46674366314','elna@aol.com','Elna','1988-11-09','F','Sao Jose dos Campos','SP',5,0,0,0,10,9,14.043500,40.879799),(287,'46429037949','lida@yahoo.com','Lida','1990-08-03','F','Sao Joao de Meriti','RJ',2,0,1,0,5,13,31.945499,41.182400),(288,'44108984724','amalia@gmail.com','Amalia','1971-07-26','F','Maua','SP',0,0,1,1,2,2,25.969101,38.684101),(289,'46051805064','rosa@aol.com','Rosa','1931-07-15','F','Blumenau','SC',0,0,0,1,7,12,15.541500,50.857101),(290,'40822943480','berta@aol.com','Berta','1933-02-11','F','Campinas','SP',1,1,0,1,0,12,28.891800,57.891602),(291,'47310215295','victorine@yahoo.com','Victorine','1942-09-28','F','Lages','SC',2,0,0,1,1,5,30.161100,34.852001),(292,'49776207832','claudia@aol.com','Claudia','1946-01-07','F','Sao Jose dos Campos','SP',5,1,1,1,3,6,10.579300,40.207001),(293,'49299275292','malissa@gmail.com','Malissa','1955-03-14','F','Colatina','ES',3,1,0,0,0,2,23.659300,40.400200),(294,'48348566224','stella@gmail.com','Stella','1975-10-29','F','Palhoca','SC',0,0,1,0,8,3,10.975300,39.118099),(295,'42341046710','adela@yahoo.com','Adela','1945-04-06','F','Ipatinga','MG',2,0,1,1,1,5,37.330601,51.716702),(296,'43226144163','dot@gmail.com','Dot','1963-03-24','F','Sorocaba','SP',0,1,0,1,5,1,35.883999,50.812302),(297,'45679191653','wilhelmina@gmail.com','Wilhelmina','1945-01-11','F','RIbeirao Preto','SP',2,0,0,0,0,9,34.905102,42.125099),(298,'49849908793','helga@aol.com','Helga','1987-07-24','F','Linhares','ES',1,0,0,0,8,4,12.836900,51.574600),(299,'44557460769','lula@gmail.com','Lula','1940-01-05','F','RIbeirao Preto','SP',4,0,1,1,4,14,26.198200,55.201900),(300,'45810075831','emmie@gmail.com','Emmie','1962-10-18','F','Cariacica','ES',2,1,1,1,8,7,36.270000,37.281200),(301,'47793937731','birtie@yahoo.com','Birtie','1974-08-16','F','Sorocaba','SP',0,1,0,0,3,2,19.148100,42.904400),(302,'46254504302','myra@outlook.com','Myra','1998-12-29','F','Nova Iguacu','RJ',4,1,1,0,3,0,39.232498,34.657398),(303,'42338558071','diana@yahoo.com','Diana','1938-09-19','F','Osasco','SP',0,0,0,1,5,11,26.623899,49.272499),(304,'47919912884','jennie@gmail.com','Jennie','1935-12-03','F','Sao Mateus','ES',3,0,0,0,0,13,15.272500,56.584599),(305,'41013056693','idella@aol.com','Idella','1995-02-25','F','Sao Bernardo do Campo','SP',1,0,0,1,3,4,37.771702,37.529099),(306,'47350002374','hildegard@yahoo.com','Hildegard','1950-12-23','F','Aracruz','ES',1,0,0,0,6,6,26.004000,48.751900),(307,'45947736383','fay@outlook.com','Fay','1964-10-24','F','Montes Claros','MG',4,1,0,1,7,6,33.817001,52.506001),(308,'42421634023','ursula@gmail.com','Ursula','1985-10-23','F','Campos dos Goytacazes','RJ',0,1,1,0,2,2,13.481100,53.415798),(309,'40123047749','agnes@outlook.com','Agnes','1951-10-23','F','Campinas','SP',3,0,0,1,3,13,38.432400,30.711000),(310,'46803820301','lilian@aol.com','Lilian','1983-07-15','F','Vila Velha','ES',5,0,0,0,6,4,18.920099,41.027100),(311,'41357367107','henry@outlook.com','Henry','1938-08-29','F','Sao Paulo','SP',0,1,0,0,4,3,14.951100,43.037601),(312,'42113473644','cleo@aol.com','Cleo','1996-02-26','F','Vila Velha','ES',4,0,1,0,4,9,17.985600,30.986601),(313,'41155230690','audra@aol.com','Audra','1938-11-08','F','Sao Jose dos Campos','SP',2,1,0,0,7,1,22.272301,55.439899),(314,'44432092448','eva@gmail.com','Eva','1969-11-01','F','Palhoca','SC',0,1,1,0,8,5,24.956301,33.692402),(315,'42003870684','lilla@aol.com','Lilla','1961-07-17','F','Governador Valadares','MG',0,1,1,0,6,12,32.163898,57.976200),(316,'48528973017','corene@outlook.com','Corene','1999-08-30','F','Palhoca','SC',4,1,1,1,4,13,33.626801,47.257198),(317,'40883844983','wilma@aol.com','Wilma','1974-06-30','F','Campos dos Goytacazes','RJ',5,0,0,0,5,5,35.279701,41.750500),(318,'47472768408','adaline@outlook.com','Adaline','1978-03-19','F','Chapeco','SC',5,0,1,0,9,1,17.559700,37.769100),(319,'44262959411','myrtle@yahoo.com','Myrtle','1936-01-27','F','Chapeco','SC',1,0,0,0,5,2,30.600599,32.658798),(320,'48369948199','philomena@aol.com','Philomena','1930-03-08','F','Rio de Janeiro','RJ',4,1,1,1,3,8,37.606602,39.589699),(321,'48363318092','roma@outlook.com','Roma','1943-03-19','F','Juiz de Fora','MG',1,0,0,1,8,0,22.603399,38.084202),(322,'42121669968','audrey@yahoo.com','Audrey','1991-08-17','F','Duque de Caxias','RJ',5,1,1,1,0,4,31.179100,50.452000),(323,'45587544651','greta@yahoo.com','Greta','1986-10-21','F','Sorocaba','SP',0,0,1,0,4,5,20.971901,38.252102),(324,'48191851060','frances@aol.com','Frances','1984-03-14','F','Campinas','SP',3,1,1,1,7,10,39.944901,46.014301),(325,'46591269129','hortense@yahoo.com','Hortense','1969-05-03','F','Blumenau','SC',5,0,1,0,4,14,37.112301,51.363201),(326,'45282444500','selina@gmail.com','Selina','1947-07-16','F','Campinas','SP',3,1,1,0,10,0,22.521900,38.858002),(327,'48175633948','cecile@yahoo.com','Cecile','1962-12-10','F','Niteroi','RJ',1,1,1,1,9,3,22.900400,34.081799),(328,'42952259241','winona@outlook.com','Winona','1935-05-16','F','Niteroi','RJ',5,1,1,1,4,7,22.173500,49.188702),(329,'40812333310','clara@gmail.com','Clara','1974-12-02','F','Niteroi','RJ',5,0,1,1,3,3,39.472198,58.138199),(330,'45504492934','antonia@yahoo.com','Antonia','1951-01-11','F','Betim','MG',2,1,0,1,4,10,30.744699,57.274799),(331,'42379640324','emmer@gmail.com','Emmer','1992-01-19','F','Lages','SC',4,0,1,1,7,14,12.987100,40.892200),(332,'41781024760','regina@gmail.com','Regina','1937-07-13','F','Chapeco','SC',4,0,1,1,4,15,27.765200,41.979500),(333,'49975411026','elmira@gmail.com','Elmira','1946-06-10','F','Florianopolis','SC',0,1,1,0,5,5,33.076099,47.474098),(334,'40015537119','edna@gmail.com','Edna','1982-05-29','F','Belo Horizonte','MG',3,0,0,0,2,3,20.190500,32.373299),(335,'40123771265','lavada@aol.com','Lavada','1989-10-27','F','Guarulhos','SP',3,1,0,0,6,0,28.730101,58.703800),(336,'48732570438','aletha@yahoo.com','Aletha','1974-11-16','F','Campos dos Goytacazes','RJ',3,0,1,1,3,14,19.681999,37.903198),(337,'44796930828','marie@yahoo.com','Marie','1990-10-27','F','Chapeco','SC',3,0,1,1,6,4,36.979698,54.504601),(338,'46280792623','lovie@outlook.com','Lovie','1951-01-20','F','Sao Jose','SC',5,0,1,1,8,13,15.489900,54.374298),(339,'43561982467','lonie@outlook.com','Lonie','1960-02-13','F','Volta Redonda','RJ',5,0,1,1,3,6,10.496100,51.118698),(340,'47054717967','muriel@aol.com','Muriel','1986-07-21','F','Betim','MG',0,1,0,0,8,0,33.517300,57.717602),(341,'49043389240','juliette@outlook.com','Juliette','1961-08-29','F','Uberaba','MG',1,1,1,1,1,10,11.921600,31.700001),(342,'46285789616','dorothy@gmail.com','Dorothy','1986-09-10','F','Florianopolis','SC',5,0,1,1,3,10,17.017099,47.936100),(343,'46035421649','concetta@outlook.com','Concetta','1991-05-16','F','Vila Velha','ES',1,0,0,0,5,11,18.285400,41.172199),(344,'48493880786','janette@aol.com','Janette','1989-06-27','F','Maua','SP',3,1,0,0,0,0,32.449699,44.297001),(345,'49905544987','jewel@outlook.com','Jewel','1994-11-10','F','Ribeirao das Neves','MG',5,0,0,1,3,13,25.607000,55.500999),(346,'48268357439','rosamond@yahoo.com','Rosamond','1952-06-22','F','Belo Horizonte','MG',0,1,0,1,6,14,21.066299,35.990898),(347,'47104560512','arietta@yahoo.com','Arietta','1970-12-11','F','Volta Redonda','RJ',2,0,1,1,2,9,23.590599,54.670898),(348,'47027667941','elsa@gmail.com','Elsa','1968-05-23','F','RIbeirao Preto','SP',1,1,1,0,5,12,24.571400,52.931301),(349,'42809402884','sammie@yahoo.com','Sammie','1979-02-03','F','Palhoca','SC',3,1,0,0,5,0,19.424299,32.181801),(350,'41574229630','marcella@yahoo.com','Marcella','1946-11-30','F','Governador Valadares','MG',0,0,0,0,8,10,12.097700,36.291100),(351,'44044766213','adella@outlook.com','Adella','1934-05-25','F','Osasco','SP',3,1,0,0,3,4,33.559799,47.653000),(352,'47397735660','missouri@gmail.com','Missouri','1974-05-24','F','Sao Paulo','SP',1,1,0,0,2,15,20.976801,36.031300),(353,'45730859686','vada@yahoo.com','Vada','1931-04-06','F','Serra','ES',2,1,1,0,0,14,11.283200,37.403900),(354,'40940213446','sonia@yahoo.com','Sonia','1950-12-27','F','Cachoeiro de Itapemirim','ES',0,1,1,1,3,1,19.122299,37.541100),(355,'43431564105','celia@aol.com','Celia','1956-09-23','F','Sao Goncalo','RJ',2,1,1,0,2,13,16.544399,46.982498),(356,'43433963108','easter@outlook.com','Easter','1967-12-04','F','Campos dos Goytacazes','RJ',2,1,1,1,4,7,27.006201,42.703899),(357,'45412263732','antionette@yahoo.com','Antionette','1948-06-07','F','Guarulhos','SP',1,0,0,1,10,7,39.438801,41.671700),(358,'46437383843','nona@gmail.com','Nona','1966-03-14','F','Osasco','SP',0,1,1,1,1,15,11.299800,53.311501),(359,'41880646587','kathryne@yahoo.com','Kathryne','1949-06-02','F','Aracruz','ES',3,0,1,0,0,1,33.505402,46.791302),(360,'41345900231','eloise@aol.com','Eloise','1977-08-03','F','Campos dos Goytacazes','RJ',3,1,0,0,6,8,19.035299,53.091999),(361,'43334742319','ray@aol.com','Ray','1930-02-28','F','Campos dos Goytacazes','RJ',5,1,0,1,5,4,37.375198,55.909801),(362,'43597910984','izetta@outlook.com','Izetta','1937-10-22','F','Niteroi','RJ',4,0,0,1,3,1,21.339600,56.457500),(363,'46820568269','bernadette@outlook.com','Bernadette','1997-05-15','F','Florianopolis','SC',0,0,0,1,6,12,29.330999,54.474998),(364,'48487594118','veronica@yahoo.com','Veronica','1973-04-06','F','Guarapari','ES',5,0,1,0,5,9,28.545300,36.173801),(365,'45644692428','myrtis@gmail.com','Myrtis','1980-07-09','F','Santo Andre','SP',0,1,1,0,8,14,33.068100,43.784698),(366,'42113775238','ivory@gmail.com','Ivory','1967-01-26','F','Campos dos Goytacazes','RJ',0,0,1,0,4,7,13.375100,42.152500),(367,'45572832882','johanna@outlook.com','Johanna','1976-01-23','F','Santo Andre','SP',4,1,0,0,3,2,33.424500,53.718399),(368,'49976654356','alverta@gmail.com','Alverta','1953-08-20','F','RIbeirao Preto','SP',4,0,0,0,6,0,21.253201,36.226898),(369,'40416189567','odell@aol.com','Odell','1933-09-29','F','Vitoria','ES',2,0,1,1,5,7,19.429899,35.518799),(370,'44510442376','katy@outlook.com','Katy','1938-01-25','F','Linhares','ES',1,0,1,1,7,15,13.337800,42.842201),(371,'47261488263','nola@outlook.com','Nola','1977-12-28','F','Guarulhos','SP',5,0,1,1,8,2,36.794201,40.587601),(372,'40057494355','zoe@outlook.com','Zoe','1968-12-19','F','Osasco','SP',3,0,0,0,10,13,26.331900,55.427399),(373,'43905877422','peggy@yahoo.com','Peggy','1986-10-11','F','Cachoeiro de Itapemirim','ES',5,0,1,0,7,2,32.327000,50.403099),(374,'45737797391','winnifred@outlook.com','Winnifred','1960-09-14','F','Duque de Caxias','RJ',3,0,1,1,0,7,31.494101,54.313099),(375,'49773710481','bernita@outlook.com','Bernita','1984-03-21','F','Guarulhos','SP',5,1,0,1,1,6,12.866500,59.340599),(376,'43488069667','corine@outlook.com','Corine','1999-04-27','F','Sao Jose dos Campos','SP',0,0,0,1,0,14,19.439301,54.013000),(377,'41947334049','mandy@yahoo.com','Mandy','1998-05-12','F','Chapeco','SC',5,1,1,0,6,5,22.399000,41.744801),(378,'44970659207','flora@yahoo.com','Flora','1985-06-30','F','Governador Valadares','MG',2,0,0,0,8,14,35.425999,37.016102),(379,'47795920532','alva@gmail.com','Alva','1982-01-03','F','Belford Roxo','RJ',3,0,0,0,8,6,29.919600,41.834000),(380,'47252133225','lilia@aol.com','Lilia','1986-05-23','F','RIbeirao Preto','SP',5,0,0,1,7,11,16.389999,48.732700),(381,'42247776353','robert@yahoo.com','Robert','1966-10-01','F','Blumenau','SC',2,0,0,0,3,15,36.419399,57.150700),(382,'45750388415','ardella@aol.com','Ardella','1936-03-04','F','Guarulhos','SP',1,0,0,0,3,15,38.883099,46.369999),(383,'42412481877','lola@aol.com','Lola','1981-11-11','F','Jaragua do Sul','SC',2,1,0,0,9,7,14.375500,31.972000),(384,'49102056851','vesta@yahoo.com','Vesta','1942-09-24','F','Campinas','SP',3,0,0,0,5,3,26.392000,57.196400),(385,'48374511189','ossie@aol.com','Ossie','1996-09-14','F','Sao Bernardo do Campo','SP',2,1,1,1,0,3,31.302999,50.526001),(386,'42763477728','consuelo@aol.com','Consuelo','1961-03-24','F','Sao Joao de Meriti','RJ',4,1,0,0,10,8,35.526699,31.506500),(387,'40139198886','deborah@outlook.com','Deborah','1992-04-01','F','Maua','SP',5,1,1,1,3,15,27.892099,34.589100),(388,'43315736629','rosie@outlook.com','Rosie','1941-02-28','F','Rio de Janeiro','RJ',2,0,1,0,8,6,34.394001,37.535099),(389,'44374952964','enid@yahoo.com','Enid','1961-05-15','F','Osasco','SP',3,0,0,1,7,10,29.184999,31.691700),(390,'45384660199','bettylou@gmail.com','Bettylou','1954-12-24','F','Rio de Janeiro','RJ',4,0,0,1,1,2,24.229300,35.324001),(391,'41388249628','earnestine@aol.com','Earnestine','1968-02-11','F','Cariacica','ES',3,1,0,0,8,7,15.319700,39.794201),(392,'48504094612','linnie@gmail.com','Linnie','1962-03-10','F','Sorocaba','SP',3,1,1,0,3,13,12.629200,35.541199),(393,'42617153511','noreen@outlook.com','Noreen','1961-10-17','F','Sao Mateus','ES',5,0,0,1,9,7,22.178301,40.716999),(394,'49094318292','carl@yahoo.com','Carl','1952-06-21','F','Linhares','ES',5,0,0,0,7,10,11.765700,37.156700),(395,'45115978090','eugenia@aol.com','Eugenia','1997-06-11','F','Petropolis','RJ',0,1,1,1,6,5,35.847198,47.880299),(396,'47493501973','hortencia@aol.com','Hortencia','1947-04-21','F','Florianopolis','SC',0,1,0,0,9,3,34.224701,54.444401),(397,'46391079677','joy@outlook.com','Joy','1935-09-19','F','Chapeco','SC',2,1,0,0,0,11,12.549100,33.833900),(398,'41553694487','ladonna@outlook.com','Ladonna','1977-10-04','F','Sao Bernardo do Campo','SP',2,1,1,1,3,11,29.471701,48.817902),(399,'42611164051','georgine@gmail.com','Georgine','1960-04-22','F','Sao Joao de Meriti','RJ',2,1,0,0,3,2,28.836201,44.687099),(400,'49217133102','faith@gmail.com','Faith','1937-08-28','F','Sao Mateus','ES',4,1,0,1,10,13,35.841702,38.559200),(401,'40924986039','katheryn@yahoo.com','Katheryn','1970-09-13','F','Sao Jose dos Campos','SP',1,0,1,0,1,10,36.966599,39.234501),(402,'44733493479','jaunita@gmail.com','Jaunita','1948-12-12','F','Nova Iguacu','RJ',3,1,0,1,9,7,39.083199,56.169701),(403,'45547285044','clarissa@aol.com','Clarissa','1950-06-13','F','Duque de Caxias','RJ',1,0,0,1,9,14,35.651501,35.607300),(404,'44773418297','lenore@aol.com','Lenore','1942-11-24','F','Juiz de Fora','MG',3,1,0,1,8,10,20.149500,57.535000),(405,'46528491036','leone@aol.com','Leone','1939-04-03','F','Cachoeiro de Itapemirim','ES',5,1,0,0,3,15,24.966801,52.844898),(406,'40943373489','alma@gmail.com','Alma','1978-02-22','F','Serra','ES',2,0,1,1,6,1,29.468901,51.487202),(407,'44354498862','caryl@outlook.com','Caryl','1944-04-16','F','Sorocaba','SP',2,1,1,1,9,2,21.788601,37.144501),(408,'44430608908','neoma@aol.com','Neoma','1954-08-04','F','Blumenau','SC',2,0,0,1,10,5,25.447100,34.112301),(409,'41510622556','gretchen@gmail.com','Gretchen','1979-10-08','F','Governador Valadares','MG',3,1,1,1,5,3,29.116400,38.813301),(410,'46323705506','barbra@outlook.com','Barbra','1943-12-12','F','Governador Valadares','MG',2,0,1,1,4,15,36.058998,48.923100),(411,'46857354563','lillie@gmail.com','Lillie','1943-09-02','F','Criciuma','SC',4,1,1,0,1,7,22.669600,38.475201),(412,'42252052822','reta@aol.com','Reta','1936-06-28','F','Chapeco','SC',1,0,1,0,2,5,19.991199,40.233700),(413,'41152850488','rubie@gmail.com','Rubie','1992-05-11','F','Linhares','ES',2,1,1,1,8,14,29.779400,55.030499),(414,'45024156426','kathy@aol.com','Kathy','1989-07-25','F','Belo Horizonte','MG',0,0,0,0,0,1,21.746599,57.682598),(415,'40322371737','cordelia@gmail.com','Cordelia','1938-05-24','F','Campos dos Goytacazes','RJ',3,0,1,0,8,5,28.595800,59.361401),(416,'43612381582','priscilla@outlook.com','Priscilla','1956-03-25','F','Lages','SC',5,1,0,0,9,7,14.132400,42.017799),(417,'43485192623','rozella@aol.com','Rozella','1944-08-18','F','Sao Jose dos Campos','SP',1,0,1,0,8,9,35.818100,44.308701),(418,'40868732048','ina@aol.com','Ina','1987-12-26','F','Guarapari','ES',4,0,1,1,3,11,22.511900,43.404499),(419,'48667706256','madge@aol.com','Madge','1988-03-28','F','Sao Jose dos Campos','SP',3,0,0,1,2,15,34.541302,42.015598),(420,'40386075463','roxie@yahoo.com','Roxie','1950-11-10','F','Cachoeiro de Itapemirim','ES',1,0,1,1,5,5,14.438600,34.518101),(421,'45103374747','mabel@outlook.com','Mabel','1957-11-29','F','Montes Claros','MG',4,0,0,0,2,10,16.866501,42.985401),(422,'44832894008','delphine@aol.com','Delphine','1964-06-11','F','Sao Joao de Meriti','RJ',3,0,1,0,0,8,35.674099,37.758499),(423,'47029080755','jeanette@outlook.com','Jeanette','1986-07-10','F','Itajai','SC',5,1,0,0,4,12,35.948502,53.489300),(424,'49418594807','cherry@aol.com','Cherry','1943-11-04','F','Sao Mateus','ES',0,0,0,0,0,5,17.557501,44.468498),(425,'46637137910','merrily@yahoo.com','Merrily','1969-06-27','F','Betim','MG',4,1,1,0,10,10,18.261999,56.333500),(426,'41250778018','alicia@gmail.com','Alicia','1979-02-11','F','Montes Claros','MG',0,1,0,1,5,12,20.503401,41.263000),(427,'46578288970','flossie@outlook.com','Flossie','1981-01-24','F','Sao Mateus','ES',2,0,0,1,1,9,36.889500,34.906101),(428,'41559801820','marlene@yahoo.com','Marlene','1979-08-24','F','Montes Claros','MG',4,1,1,1,7,9,12.516700,55.600399),(429,'46329557282','loraine@gmail.com','Loraine','1969-01-23','F','Palhoca','SC',5,0,0,1,2,14,27.690100,41.357700),(430,'42487349164','marleen@gmail.com','Marleen','1971-08-24','F','Ribeirao das Neves','MG',3,1,1,0,5,7,30.046499,52.418598),(431,'45718016513','sondra@aol.com','Sondra','1983-07-15','F','Linhares','ES',0,0,0,0,8,6,31.828300,52.702599),(432,'41229140306','richard@yahoo.com','Richard','1939-06-15','F','Uberlandia','MG',2,0,1,1,8,11,30.470200,49.478298),(433,'47399614584','juanita@yahoo.com','Juanita','1939-01-15','F','Campos dos Goytacazes','RJ',0,0,0,0,7,15,10.268900,30.465700),(434,'41445845829','shelby@gmail.com','Shelby','1932-09-01','F','Campos dos Goytacazes','RJ',0,0,0,0,2,6,39.845501,56.019901),(435,'48244744475','pansy@gmail.com','Pansy','1984-08-04','F','Sao Paulo','SP',2,1,1,0,7,10,25.340599,47.620800),(436,'40600150324','josefina@yahoo.com','Josefina','1974-12-07','F','Osasco','SP',5,1,0,0,8,12,29.826700,56.822102),(437,'45793908768','geraldine@aol.com','Geraldine','1932-04-09','F','Nova Iguacu','RJ',2,1,1,1,3,1,36.263401,52.580502),(438,'45927503225','elena@yahoo.com','Elena','1957-07-28','F','Jaragua do Sul','SC',2,0,1,0,1,1,20.386101,47.190201),(439,'46750865455','gearldine@gmail.com','Gearldine','1993-09-19','F','Sao Mateus','ES',5,0,1,0,7,8,37.962399,49.566200),(440,'46341656712','cassandra@gmail.com','Cassandra','1960-10-18','F','Sao Mateus','ES',1,0,1,0,9,7,32.484501,42.415001),(441,'44810102277','daryl@outlook.com','Daryl','1979-12-12','F','Vila Velha','ES',3,0,0,0,2,3,11.982900,43.685299),(442,'46739402666','glenda@outlook.com','Glenda','1973-11-26','F','Niteroi','RJ',5,0,1,0,3,2,28.988701,46.556099),(443,'48847478930','gayla@yahoo.com','Gayla','1950-01-12','F','RIbeirao Preto','SP',2,1,1,1,0,13,20.131701,53.981201),(444,'40378958628','georgiana@gmail.com','Georgiana','1972-08-23','F','Montes Claros','MG',2,1,0,1,8,8,20.188801,57.001099),(445,'49416668090','sherrie@aol.com','Sherrie','1954-10-09','F','Sao Bernardo do Campo','SP',4,1,0,0,3,7,19.407200,54.343300),(446,'40933218384','karon@aol.com','Karon','1971-12-08','F','RIbeirao Preto','SP',0,0,0,0,3,3,25.736099,51.699299),(447,'46199215517','debbie@yahoo.com','Debbie','1963-03-01','F','Serra','ES',3,1,1,1,8,8,12.283500,54.127399),(448,'49777867844','millicent@gmail.com','Millicent','1936-05-02','F','Uberlandia','MG',3,0,0,0,2,9,20.381901,33.411201),(449,'46279821155','nadine@aol.com','Nadine','1960-02-25','F','Aracruz','ES',5,0,0,1,8,0,39.061199,38.715500),(450,'48066488526','renae@gmail.com','Renae','1972-10-22','F','Volta Redonda','RJ',4,0,1,0,3,2,38.145802,37.532101),(451,'44617148134','tina@yahoo.com','Tina','1974-03-29','F','Contagem','MG',2,0,1,0,8,6,22.177900,47.545300),(452,'46469043636','violet@yahoo.com','Violet','1955-09-21','F','Sao Joao de Meriti','RJ',2,0,1,1,2,11,27.579300,54.575901),(453,'40697015724','kristine@outlook.com','Kristine','1944-03-14','F','Petropolis','RJ',4,1,1,0,9,6,20.283199,45.513401),(454,'45641305955','minerva@outlook.com','Minerva','1986-06-22','F','Belford Roxo','RJ',4,1,0,1,4,8,30.443199,55.313000),(455,'40950337854','anita@aol.com','Anita','1979-04-02','F','Sao Goncalo','RJ',1,0,1,0,1,3,10.895300,53.230202),(456,'49898720793','kristen@outlook.com','Kristen','1935-08-29','F','Blumenau','SC',4,0,1,1,10,8,14.471700,38.605499),(457,'40322160767','cara@yahoo.com','Cara','1990-09-30','F','Sao Joao de Meriti','RJ',2,1,1,1,2,10,30.284599,44.733799),(458,'43375052394','cathleen@gmail.com','Cathleen','1941-02-28','F','Duque de Caxias','RJ',5,0,0,0,8,13,29.556999,34.954201),(459,'43069424472','janell@aol.com','Janell','1949-02-16','F','Palhoca','SC',4,1,0,0,1,14,35.844898,31.219400),(460,'47281588909','amy@gmail.com','Amy','1986-05-22','F','Juiz de Fora','MG',2,1,1,1,3,10,23.409100,56.628201),(461,'42322965886','judi@yahoo.com','Judi','1940-12-04','F','Volta Redonda','RJ',3,1,0,0,9,1,22.154800,56.827000),(462,'41215493327','donita@outlook.com','Donita','1976-02-20','F','Jaragua do Sul','SC',4,0,1,1,10,1,13.914100,32.266800),(463,'42919147529','terrie@outlook.com','Terrie','1945-07-09','F','Montes Claros','MG',1,1,0,1,8,1,31.745600,40.370499),(464,'46185495712','cathryn@aol.com','Cathryn','1999-06-13','F','Colatina','ES',4,0,1,1,4,10,17.480700,45.046700),(465,'49608642869','jill@aol.com','Jill','1992-04-11','F','Sao Jose','SC',2,0,0,0,6,10,17.549700,51.141998),(466,'41079069221','stacie@aol.com','Stacie','1930-07-18','F','Sao Bernardo do Campo','SP',3,1,0,0,5,8,12.319300,58.488800),(467,'49575434710','doretha@yahoo.com','Doretha','1998-11-04','F','Lages','SC',1,1,1,0,10,5,26.115801,57.004200),(468,'41004186580','emily@yahoo.com','Emily','1973-09-17','F','Sao Joao de Meriti','RJ',1,1,1,0,1,14,24.372101,42.165298),(469,'44650597434','ivette@outlook.com','Ivette','1982-10-02','F','Rio de Janeiro','RJ',5,1,0,0,2,0,18.264700,41.013699),(470,'45861136756','suzanne@gmail.com','Suzanne','1991-09-28','F','Belo Horizonte','MG',2,0,0,1,10,3,28.152399,44.527901),(471,'41430070782','luann@outlook.com','Luann','1935-07-22','F','Sao Jose dos Campos','SP',4,1,1,1,2,9,10.928800,36.948601),(472,'45877240225','beatriz@aol.com','Beatriz','1991-12-13','F','Betim','MG',2,1,1,1,7,13,29.365200,37.682098),(473,'49363322761','molly@gmail.com','Molly','1963-07-17','F','Guarapari','ES',1,1,0,0,1,8,14.591700,55.689701),(474,'45774254331','jeanie@aol.com','Jeanie','1996-06-13','F','Montes Claros','MG',5,0,0,1,3,6,12.385000,48.971401),(475,'48371086846','polly@yahoo.com','Polly','1971-07-20','F','Belford Roxo','RJ',2,0,1,0,7,7,34.350101,32.357899),(476,'45379878728','mamie@gmail.com','Mamie','1969-05-16','F','Campinas','SP',5,0,1,1,9,14,27.304399,52.101898),(477,'44749099218','vivian@outlook.com','Vivian','1995-07-11','F','Governador Valadares','MG',4,1,0,0,5,8,25.866400,57.394100),(478,'49287913061','graciela@aol.com','Graciela','1943-12-11','F','Volta Redonda','RJ',0,1,0,0,5,0,24.518700,32.319801),(479,'40217102251','kim@aol.com','Kim','1974-01-17','F','Jaragua do Sul','SC',4,0,1,1,7,11,35.529099,34.143799),(480,'42789840373','olga@yahoo.com','Olga','1935-10-22','F','Maua','SP',0,0,1,0,3,4,20.684000,49.906502),(481,'42745256997','lupe@outlook.com','Lupe','1936-03-23','F','Guarulhos','SP',4,1,1,0,5,7,17.784901,34.899899),(482,'43912115250','teri@gmail.com','Teri','1940-12-07','F','Vila Velha','ES',0,0,0,0,10,8,33.292999,50.474400),(483,'45957052592','faye@aol.com','Faye','1982-02-02','F','Vitoria','ES',5,0,0,1,9,12,11.602600,32.123600),(484,'49217339453','guadalupe@aol.com','Guadalupe','1975-10-26','F','Petropolis','RJ',0,1,0,1,7,14,19.195601,56.443699),(485,'46508861088','myrna@outlook.com','Myrna','1944-10-15','F','Jaragua do Sul','SC',0,1,0,0,4,11,33.581001,49.945999),(486,'49915237296','sonja@aol.com','Sonja','1994-03-10','F','Maua','SP',2,0,1,1,5,7,13.444700,54.676498),(487,'41388257798','autumn@yahoo.com','Autumn','1972-05-24','F','Contagem','MG',4,0,1,0,5,0,25.182400,46.684799),(488,'48084739586','monica@yahoo.com','Monica','1940-07-27','F','Sao Goncalo','RJ',0,1,0,0,4,3,16.055300,43.806999),(489,'45334584258','francine@gmail.com','Francine','1954-11-25','F','Uberaba','MG',4,0,0,0,9,7,28.230000,44.471001),(490,'41268816547','aida@gmail.com','Aida','1990-02-27','F','Linhares','ES',2,0,0,1,3,0,19.550600,57.976898),(491,'41479780370','joann@aol.com','Joann','1957-12-14','F','Ribeirao das Neves','MG',4,0,0,0,9,10,32.539398,32.382401),(492,'47778095836','lauri@gmail.com','Lauri','1933-10-30','F','Belo Horizonte','MG',1,0,1,1,3,11,36.488701,51.653000),(493,'45101488077','carrie@gmail.com','Carrie','1947-02-10','F','Itajai','SC',5,0,0,1,8,15,17.534000,51.614899),(494,'42446192724','misti@gmail.com','Misti','1994-10-09','F','Colatina','ES',1,0,1,1,6,5,20.307199,57.342800),(495,'44035691229','nellie@gmail.com','Nellie','1998-09-20','F','Blumenau','SC',4,1,0,1,5,6,24.230600,49.437901),(496,'49283801403','shana@outlook.com','Shana','1971-04-08','F','Sao Paulo','SP',0,1,1,1,8,6,32.450802,33.779301),(497,'46556114199','abby@gmail.com','Abby','1983-11-27','F','Duque de Caxias','RJ',0,1,0,0,8,9,30.619499,38.966099),(498,'49876680610','tracy@aol.com','Tracy','1971-09-24','F','Niteroi','RJ',2,0,0,1,10,12,37.048199,40.198502),(499,'44992137464','annemarie@outlook.com','Annemarie','1980-08-10','F','Blumenau','SC',1,1,0,0,10,14,36.462700,38.217701);
/*!40000 ALTER TABLE `Pessoa` ENABLE KEYS */;
UNLOCK TABLES;

--
-- Table structure for table `Plano_premium`
--

DROP TABLE IF EXISTS `Plano_premium`;
/*!40101 SET @saved_cs_client     = @@character_set_client */;
/*!40101 SET character_set_client = utf8 */;
CREATE TABLE `Plano_premium` (
  `id_pessoa` int(11) NOT NULL,
  `data_expiracao` date NOT NULL,
  KEY `id_pessoa` (`id_pessoa`),
  CONSTRAINT `Plano_premium_ibfk_1` FOREIGN KEY (`id_pessoa`) REFERENCES `Pessoa` (`id_pessoa`)
) ENGINE=InnoDB DEFAULT CHARSET=latin1;
/*!40101 SET character_set_client = @saved_cs_client */;

--
-- Dumping data for table `Plano_premium`
--

LOCK TABLES `Plano_premium` WRITE;
/*!40000 ALTER TABLE `Plano_premium` DISABLE KEYS */;
/*!40000 ALTER TABLE `Plano_premium` ENABLE KEYS */;
UNLOCK TABLES;

--
-- Table structure for table `Servico`
--

DROP TABLE IF EXISTS `Servico`;
/*!40101 SET @saved_cs_client     = @@character_set_client */;
/*!40101 SET character_set_client = utf8 */;
CREATE TABLE `Servico` (
  `id_empresa` int(11) NOT NULL,
  `numero_servico` int(11) NOT NULL,
  `preco` float(10,2) DEFAULT NULL,
  `categoria` varchar(5) DEFAULT NULL,
  `ref_arquivo_descricao` varchar(50) DEFAULT NULL,
  `latitude` float(10,6) DEFAULT NULL,
  `longitude` float(10,6) DEFAULT NULL,
  PRIMARY KEY (`id_empresa`,`numero_servico`),
  CONSTRAINT `Servico_ibfk_1` FOREIGN KEY (`id_empresa`) REFERENCES `Empresa_de_servicos` (`id_empresa`)
) ENGINE=InnoDB DEFAULT CHARSET=latin1;
/*!40101 SET character_set_client = @saved_cs_client */;

--
-- Dumping data for table `Servico`
--

LOCK TABLES `Servico` WRITE;
/*!40000 ALTER TABLE `Servico` DISABLE KEYS */;
/*!40000 ALTER TABLE `Servico` ENABLE KEYS */;
UNLOCK TABLES;

--
-- Table structure for table `Tem_dados_vendidos_a`
--

DROP TABLE IF EXISTS `Tem_dados_vendidos_a`;
/*!40101 SET @saved_cs_client     = @@character_set_client */;
/*!40101 SET character_set_client = utf8 */;
CREATE TABLE `Tem_dados_vendidos_a` (
  `id_pessoa` int(11) NOT NULL,
  `id_empresa` int(11) NOT NULL,
  PRIMARY KEY (`id_pessoa`,`id_empresa`),
  KEY `id_empresa` (`id_empresa`),
  CONSTRAINT `Tem_dados_vendidos_a_ibfk_1` FOREIGN KEY (`id_pessoa`) REFERENCES `Pessoa` (`id_pessoa`),
  CONSTRAINT `Tem_dados_vendidos_a_ibfk_2` FOREIGN KEY (`id_empresa`) REFERENCES `Empresa_de_dados` (`id_empresa`)
) ENGINE=InnoDB DEFAULT CHARSET=latin1;
/*!40101 SET character_set_client = @saved_cs_client */;

--
-- Dumping data for table `Tem_dados_vendidos_a`
--

LOCK TABLES `Tem_dados_vendidos_a` WRITE;
/*!40000 ALTER TABLE `Tem_dados_vendidos_a` DISABLE KEYS */;
/*!40000 ALTER TABLE `Tem_dados_vendidos_a` ENABLE KEYS */;
UNLOCK TABLES;
/*!40103 SET TIME_ZONE=@OLD_TIME_ZONE */;

/*!40101 SET SQL_MODE=@OLD_SQL_MODE */;
/*!40014 SET FOREIGN_KEY_CHECKS=@OLD_FOREIGN_KEY_CHECKS */;
/*!40014 SET UNIQUE_CHECKS=@OLD_UNIQUE_CHECKS */;
/*!40101 SET CHARACTER_SET_CLIENT=@OLD_CHARACTER_SET_CLIENT */;
/*!40101 SET CHARACTER_SET_RESULTS=@OLD_CHARACTER_SET_RESULTS */;
/*!40101 SET COLLATION_CONNECTION=@OLD_COLLATION_CONNECTION */;
/*!40111 SET SQL_NOTES=@OLD_SQL_NOTES */;

-- Dump completed on 2018-05-23 15:09:43
